vt_symbol,name,g4,n1_date,h,lim3,vr_d0,vr_d1,gap_d1,bias10,tseg,B,ret_bw,A_B
000017.SZSE,深中华A,yang4,2024-02-20,2,False,0.8112054219180763,0.9847491208255479,0.0,0.49931911030411946,,0.13279132791327908,0.05510388437217695,-0.07768744354110213
000020.SZSE,深华发Ａ,yin2,2024-09-09,2,False,0.8464670516565361,1.5565386800876695,-0.011244979919678655,7.671019631583498,早,-0.009638554216867434,-0.009638554216867434,0.0
000029.SZSE,深深房Ａ,yin2,2026-06-09,2,False,0.9411190596589001,0.9128040112975478,0.04971475142624304,2.4292511895817714,早,0.09453952730236348,0.03748981255093731,-0.05704971475142617
000062.SZSE,深圳华强,yin4,2024-08-30,6,True,1.0366102987554435,1.0682011469317203,0.0852713178294573,41.89858101418984,早,0.0852713178294573,0.4496124031007751,0.3643410852713178
000062.SZSE,深圳华强,yang4,2024-09-30,2,False,1.0927497155254224,1.0645026746794732,0.07179312691391626,1.0035053955598228,尾,0.10003402517863202,0.044913235794487916,-0.05512078938414411
000066.SZSE,中国长城,yang4,2024-11-06,3,True,1.4551921488917023,1.1718281961067252,-0.010281385281385336,26.040103669349325,午,0.13636363636363624,0.25757575757575757,0.12121212121212133
000070.SZSE,特发信息,yang2,2025-08-25,2,False,0.7639495713339997,2.326723915089095,0.03805899143672686,4.214179474467028,早,0.11607992388201716,0.050428163653663205,-0.06565176022835395
000096.SZSE,广聚能源,yin2,2025-02-24,4,True,1.1179933460299547,0.17266984051660125,0.10029850746268654,18.057513391598533,早,0.2101492537313432,0.31343283582089554,0.10328358208955235
000099.SZSE,中信海直,yin2,2024-03-27,4,True,1.0807709155742637,0.17585434194910915,0.10007698229407236,2.477122120542763,,0.210161662817552,0.2986913010007699,0.0885296381832179
000421.SZSE,南京公用,yin2,2024-07-29,2,False,0.8185554931445145,1.2453673972744115,0.01663585951940849,2.773556231003038,,0.12754158964879836,0.031423290203327126,-0.09611829944547123
000421.SZSE,南京公用,yin2,2024-12-26,3,True,0.7992175273865415,0.17027617490100125,0.10030864197530853,1.2658227848101333,早,0.20987654320987637,0.13425925925925908,-0.07561728395061729
000506.SZSE,招金黄金,yin2,2026-07-02,2,False,1.4350334828862215,0.685201794175657,0.05075337034099925,-2.088671480705029,中,0.070578905630452,0.03965107057890571,-0.030927835051546282
000516.SZSE,国际医学,yang2,2026-01-13,2,False,1.0298669694094391,2.5411851708787156,0.04085257548845478,15.34521614423272,早,0.04440497335701599,-0.010657193605683735,-0.05506216696269972
000520.SZSE,凤凰航运,yang2,2026-07-01,2,False,1.5682916872124772,0.8896844043537874,0.051219512195122,1.1846001974333609,早,0.1048780487804879,0.10975609756097571,0.004878048780487809
000526.SZSE,学大教育,yang2,2023-05-26,2,False,1.382577459617266,2.4278992590477984,0.07930007446016374,5.964967650307695,,0.08711839166046165,0.19285182427401337,0.10573343261355173
000536.SZSE,华映科技,yang4,2024-09-30,3,True,1.0986198487225307,1.0948547394063965,0.09939759036144591,7.373868046571808,午,0.12349397590361444,0.09036144578313254,-0.033132530120481896
000559.SZSE,万向钱潮,yin4,2025-09-26,2,False,0.5390459350235461,1.151459211078738,0.028813559322033777,12.156639102746913,早,0.1271186440677965,0.07288135593220324,-0.05423728813559325
000560.SZSE,我爱我家,yang2,2024-05-16,3,True,0.7377409205598455,0.26043510778821893,0.10188679245283017,22.515025427646783,,0.21132075471698109,0.290566037735849,0.0792452830188679
000564.SZSE,供销大集,yang4,2024-11-28,3,True,0.9899494393459033,1.7763175713431243,0.01980198019801982,9.584086799276669,午,0.10561056105610578,0.18811881188118829,0.08250825082508251
000565.SZSE,渝三峡Ａ,yang4,2025-05-14,3,True,1.0131206384461156,0.987093676884725,-0.015544041450777146,31.247874872492364,尾,0.10535405872193437,0.12867012089810026,0.023316062176165886
000566.SZSE,海南海药,yang2,2024-11-05,3,True,0.6340970297025681,2.091191989919547,0.04307116104868913,7.078403850010018,早,0.061797752808988804,0.20786516853932602,0.1460674157303372
000566.SZSE,海南海药,yang4,2026-07-15,2,False,0.43819279513231973,1.3982130322117245,0.031067961165048397,-4.45269016697587,早,0.10291262135922308,-0.009708737864077777,-0.11262135922330085
000567.SZSE,海德股份,yang2,2024-09-30,2,False,1.8090779381663142,1.2714445518769717,0.0997109826589595,31.30929791271346,午,0.040462427745664886,0.07658959537572252,0.03612716763005763
000572.SZSE,海马汽车,yin2,2025-10-31,4,True,1.0345709204555091,0.9444306581097527,0.043939393939393945,8.03732198395808,早,0.20454545454545459,0.36363636363636376,0.15909090909090917
000592.SZSE,平潭发展,yin2,2025-10-23,5,True,1.451282366877478,0.6568345328749706,0.07506053268765145,10.694183864915562,尾,0.2082324455205813,0.5593220338983051,0.35108958837772386
000592.SZSE,平潭发展,yang4,2025-10-31,4,True,1.9574633495369955,0.467151982462205,0.08757062146892647,40.22578728461082,早,0.17372881355932202,0.19915254237288127,0.025423728813559254
000593.SZSE,德龙汇能,yin4,2026-08-12,2,False,0.4914105028047617,1.0401944125638893,0.04748713889988121,18.36619982200571,早,0.05223585278986942,-0.009893153937475252,-0.06212900672734467
000595.SZSE,新能股份,yin2,2026-07-22,3,True,0.6371350533411783,0.22352158204981937,0.09960159362549792,0.37992401519695296,早,0.20916334661354608,0.17131474103585664,-0.03784860557768943
000601.SZSE,韶能股份,yin2,2025-04-14,2,False,0.41590779306929127,2.3811457463777708,0.03046594982078843,1.3992367799382066,早,0.08960573476702516,0.05555555555555558,-0.03405017921146958
000601.SZSE,韶能股份,yin2,2025-04-24,2,False,1.077833927141655,1.913772429346759,0.015847860538827252,7.167119565217384,中,0.11093502377179076,0.08716323296355011,-0.023771790808240656
000603.SZSE,盛达资源,yin2,2026-07-21,3,True,1.5423595767830784,1.4174408912561751,0.01754385964912286,-1.7053075301781906,尾,0.14230019493177393,0.20857699805068242,0.06627680311890849
000656.SZSE,金科股份,yin2,2023-07-05,2,False,1.243542946396434,1.5165363307678315,0.007407407407407307,16.883116883116898,,0.1333333333333333,0.11851851851851847,-0.014814814814814836
000656.SZSE,金科股份,yin2,2023-07-21,4,True,1.9001701553492822,2.6796621429546406,0.013071895424836555,6.176266481609982,,0.130718954248366,0.40522875816993453,0.27450980392156854
000670.SZSE,盈方微,yang2,2024-11-08,2,False,1.1955011572048972,0.9125088573669285,0.053835800807537026,11.729323308270656,午,0.15477792732166895,0.11843876177658164,-0.036339165545087315
000676.SZSE,智度股份,yin2,2024-10-21,3,True,1.1695311386664546,0.5422073558938731,0.05471124620060808,12.658372331925571,中,0.2107396149949341,0.10739614994934144,-0.10334346504559266
000679.SZSE,大连友谊,yin2,2025-01-13,2,False,1.1594873241921617,1.4676916869997247,0.0587188612099645,-4.535417020553767,午,0.08185053380782925,0.15658362989323837,0.07473309608540912
000710.SZSE,贝瑞基因,yin2,2025-02-14,2,False,0.9456250228073955,0.6182145014017708,0.09965635738831624,18.78763139095827,早,0.09965635738831624,-0.010309278350515538,-0.10996563573883178
000723.SZSE,美锦能源,yang2,2024-02-29,2,False,2.0012343955722236,3.850327552858884,0.10058309037900859,12.736236647493836,,0.10058309037900859,0.04081632653061207,-0.05976676384839652
000737.SZSE,北方铜业,yang2,2024-04-02,2,False,1.1637247067525196,1.8135533756338682,0.03567787971457692,21.742367833209244,,0.16513761467889898,0.18348623853210988,0.0183486238532109
000753.SZSE,漳州发展,yang2,2025-11-04,2,False,0.41428422201938453,1.6463998980429162,0.010869565217391353,13.049889407716876,早,0.0869565217391306,-0.009782608695652173,-0.09673913043478277
000766.SZSE,通化金马,yin2,2023-09-11,5,True,0.506786756899187,1.3966695888359033,0.0829439252336448,13.227513227513231,,0.1320093457943925,0.5794392523364484,0.44742990654205594
000766.SZSE,通化金马,yang4,2023-10-12,2,False,0.8481029991248626,0.9014406564857397,0.04854368932038833,9.359686377000997,,0.13517550410754287,0.06945481702763256,-0.0657206870799103
000766.SZSE,通化金马,yang2,2023-12-04,2,False,0.8309733970416836,1.235642857533602,0.030729166666666696,12.333255324128235,,0.13437500000000013,0.15208333333333335,0.017708333333333215
000767.SZSE,晋控电力,yang2,2026-05-29,2,False,0.9670996451386179,1.7822199386602846,0.10035842293906794,12.296236667337501,早,0.10215053763440873,0.09498207885304666,-0.007168458781362075
000803.SZSE,山高环能,yang2,2024-11-22,2,False,1.8116339168866102,1.7629029021685894,0.02333931777378817,10.801670976725685,早,0.10053859964093359,0.019748653500897495,-0.0807899461400361
000815.SZSE,美利云,yin4,2026-07-31,3,True,0.5322261899944475,0.9210626229712845,0.04743083003952564,-1.7157656199417226,早,0.18577075098814233,0.24176548089591576,0.05599472990777343
000880.SZSE,潍柴重机,yin2,2024-12-25,2,False,2.7942861303016717,0.9282736702932589,-0.038004750593824244,28.54961832061069,早,0.12470308788598583,0.13420427553444192,0.009501187648456089
000880.SZSE,潍柴重机,yang2,2025-01-20,2,False,0.37695122970046335,2.496943949927098,0.024390243902439046,11.141230685822713,早,0.10439024390243912,0.0843902439024391,-0.020000000000000018
000882.SZSE,华联股份,yin2,2025-01-02,2,False,1.6846681440212763,3.26304795778735,0.004366812227074135,5.238970588235303,早,0.06986899563318794,-0.008733624454148492,-0.07860262008733643
000882.SZSE,华联股份,yin2,2025-01-20,5,True,1.1357150488329755,1.0324245633733913,0.03515625,8.75106202209006,早,0.12890625,0.3203125,0.19140625
000890.SZSE,法尔胜,yang2,2023-08-01,2,False,1.5274804750673434,1.0061739404604861,0.1001855287569573,18.853362734288858,,-0.009276437847866359,-0.009276437847866359,0.0
000892.SZSE,欢瑞世纪,yin2,2025-11-21,4,True,0.5486394593334238,3.7567086080238377,0.051912568306010876,1.582014987510405,早,0.06693989071038242,0.1994535519125682,0.13251366120218577
000901.SZSE,航天科技,yin2,2025-08-08,2,False,0.8146522345143732,0.5246479768639136,0.050737463126843574,19.60203217612193,早,0.2106194690265486,0.12979351032448383,-0.08082595870206477
000917.SZSE,电广传媒,yin2,2023-06-12,2,False,0.6509188685455843,1.1353606406759638,0.023573200992555776,17.134137480017444,,0.11910669975186083,0.04094292803970223,-0.0781637717121586
000948.SZSE,南天信息,yin2,2024-09-19,2,False,1.9942867780716924,0.33364489415569054,0.06350148367952513,18.428450941804897,中,0.18872403560830864,0.13887240356083086,-0.04985163204747778
000948.SZSE,南天信息,yang2,2024-09-30,2,False,1.0105225450832904,1.1451935094089287,0.09994711792702282,9.186442635256075,午,0.11634056054997344,0.1306187202538338,0.014278159703860371
000953.SZSE,中哲精化,yin2,2024-11-25,2,False,1.3006666195476226,4.10110447536565,0.06976744186046524,3.0414746543778737,早,0.09123434704830058,0.1520572450805009,0.06082289803220031
000969.SZSE,安泰科技,yin4,2025-10-27,2,False,0.6903231773413256,0.4141925789786378,0.08089995213020562,3.85800934672369,早,0.13547151747247477,0.1258975586404978,-0.00957395883197698
000980.SZSE,众泰汽车,yang2,2023-07-31,2,False,0.6873710619925397,1.3437274907997045,0.0,6.563332526035381,,0.1090909090909089,0.05227272727272725,-0.05681818181818166
000981.SZSE,山子高科,yin4,2024-12-04,5,True,1.5990790408662623,0.742138416217357,0.042857142857142705,16.21472053126731,早,0.20952380952380945,0.4285714285714286,0.21904761904761916
000981.SZSE,山子高科,yang2,2025-09-12,5,True,1.7570608317325576,1.0075190882222,0.07581227436823101,10.6671993607671,早,0.1407942238267148,0.3971119133574008,0.256317689530686
001202.SZSE,炬申股份,yin2,2026-01-21,2,False,1.281797197079786,1.3790693672325685,0.045071817731550334,9.829733993363444,早,0.15304606240713214,0.00544824170381375,-0.1475978207033184
001210.SZSE,金房能源,yang2,2026-06-01,2,False,0.8055757028359768,1.2544146798116722,0.07430617726051936,11.95002171516386,早,0.044464339003282616,0.0713219934347955,0.02685765443151289
001211.SZSE,双枪科技,yang2,2026-05-11,2,False,1.006738196037876,1.0622787916616425,0.016844700082169206,19.957615632931656,中,0.14708299096138044,0.08278553820870993,-0.06429745275267051
001212.SZSE,中旗新材,yin4,2025-04-21,2,False,0.8391713656931428,0.3552495625364553,0.03501217000561696,3.604127870887641,中,0.10185358547088574,0.04662048305560762,-0.055233102415278124
001229.SZSE,魅视科技,yin4,2024-03-13,2,False,2.0360082058159117,1.104463041302626,0.0036262203626218348,8.033992285438774,,0.1436541143654113,0.06610878661087849,-0.07754532775453282
001229.SZSE,魅视科技,yin2,2026-07-07,2,False,0.20641489677555339,0.13309198315416576,0.09994848016486357,13.90845070422535,早,0.2078825347758888,0.171303451828954,-0.03657908294693479
001229.SZSE,魅视科技,yin2,2026-08-03,2,False,0.33132633900115427,1.6937732164056216,0.04859919954259584,-1.4953113119878458,早,0.13093196112064054,0.20983419096626665,0.07890222984562612
001229.SZSE,魅视科技,yang2,2026-08-17,2,False,0.8696918627634563,1.0354151553122735,0.06289721674337057,10.521726493242255,早,0.051939513477974986,0.01512163050624582,-0.036817882971729166
001257.SZSE,盛龙股份,yang2,2026-06-11,4,True,1.9580063349188155,0.6865911986887047,0.09992069785884228,3.288692304541918,早,0.18556701030927836,0.2973830293417923,0.11181601903251392
001258.SZSE,立新能源,yang4,2026-08-10,2,False,1.190348930489586,1.571387634755486,-0.03314917127071826,12.518455202424427,早,0.06698895027624308,0.06767955801104986,0.0006906077348067807
001260.SZSE,坤泰股份,yang2,2023-11-21,2,False,1.7000818330605565,4.532546899560753,0.052000000000000046,12.10259629613022,,0.09640000000000004,-0.0040000000000000036,-0.10040000000000004
001267.SZSE,汇绿生态,yin2,2025-10-24,2,False,0.7188995168987143,1.2589194614126777,0.049464558898521194,19.304009247429587,中,0.14023457419683827,0.115757266700663,-0.02447730749617527
001299.SZSE,美能能源,yin2,2023-08-18,2,False,0.7578747841128077,1.1092318687201022,-0.012961116650049731,11.068047173467676,,0.046859421734795736,0.06380857427716857,0.016949152542372836
001314.SZSE,亿道信息,yin2,2023-12-19,2,False,0.5330497123126317,0.4881094317383939,0.07839780896953097,11.037196130233973,,0.09209174940088993,0.11691201643272842,0.024820267031838483
001316.SZSE,润贝航科,yang2,2025-04-30,4,True,0.4573166922779006,1.045402051650689,0.03149807938540339,4.016834478717168,早,0.15979513444302174,0.31165172855313705,0.15185659411011532
001379.SZSE,腾达科技,yin4,2024-08-19,2,False,1.4524932530620718,1.46511735448476,0.0270083102493075,2.6734926052332186,,0.0041551246537396835,-0.010041551246537384,-0.014196675900277067
002006.SZSE,精工科技,yin2,2024-11-27,2,False,0.8592889939048948,1.3154801164493422,0.03476245654692911,11.961598339387658,早,0.0428736964078793,0.0811123986095017,0.0382387022016224
002009.SZSE,天奇股份,yin2,2024-03-06,2,False,0.7300399530375185,0.11440664379388849,0.10000000000000009,8.020959290608642,,0.20970149253731352,0.15074626865671648,-0.05895522388059704
002015.SZSE,协鑫能科,yin2,2026-03-06,2,False,0.6615516609270186,0.7984037934531435,0.09987195902688861,14.65903251853482,早,0.1773367477592831,0.1600512163892447,-0.01728553137003841
002031.SZSE,巨轮智能,yang2,2024-11-29,5,True,1.511556274373396,0.14413614592306326,0.10042735042735051,8.308261976394359,午,0.21153846153846168,0.5598290598290598,0.34829059829059816
002037.SZSE,保利联合,yin2,2024-05-17,2,False,0.9842720792012146,1.4775157708782127,0.0,10.430387501914563,,0.11511789181692089,0.04160887656033285,-0.07350901525658804
002040.SZSE,南 京 港,yin2,2025-05-13,5,True,3.23792521297033,3.2266272843130346,0.04557291666666652,9.82410982410984,尾,0.21093750000000022,0.5598958333333335,0.34895833333333326
002040.SZSE,南 京 港,yang2,2025-10-13,2,False,1.6008072289704067,2.9705037509774774,0.010563380281690238,6.646639128802101,午,0.10035211267605648,0.022007042253521236,-0.07834507042253525
002044.SZSE,美年健康,yang2,2026-01-09,4,True,0.6891466078376393,0.15923325462746843,0.09951060358890707,12.849779086892488,早,0.20880913539967372,0.38825448613376845,0.17944535073409473
002046.SZSE,国机精工,yin4,2025-08-18,2,False,0.7082509585130227,0.5746170583901664,0.02181709503885232,12.127609664555482,早,0.148834429169157,0.1670651524208009,0.018230723251643877
002046.SZSE,国机精工,yang2,2026-01-09,2,False,1.2685677482148747,1.2674922851027823,0.0560465617589998,7.58099301964239,早,0.10497952144858802,0.11597327010131497,0.010993748652726953
002051.SZSE,中工国际,yin2,2026-04-14,2,False,1.1643447918903977,0.8335511165508417,0.05268022181146037,5.757012999706768,早,0.06654343807763397,0.0711645101663585,0.004621072088724532
002067.SZSE,景兴纸业,yang2,2025-09-16,3,True,0.399665403411468,0.0616389065496898,0.09966216216216206,13.08500477554919,早,0.20945945945945943,0.08783783783783794,-0.12162162162162149
002081.SZSE,金 螳 螂,yang4,2026-05-29,2,False,1.3226652297465455,2.1780032242326977,0.02110389610389607,1.85185185185186,早,0.13636363636363624,0.1120129870129869,-0.024350649350649345
002083.SZSE,孚日股份,yang2,2025-11-06,8,True,1.1244030142509984,0.932159470387138,0.06134969325153383,11.472046503675838,午,0.21012269938650308,0.9110429447852764,0.7009202453987733
002085.SZSE,万丰奥威,yang2,2024-03-11,2,False,1.0465920266773228,1.0888229236300204,0.05175983436852993,24.85459480418768,,0.1542443064182195,0.175983436853002,0.021739130434782483
002085.SZSE,万丰奥威,yin2,2024-03-15,2,False,1.491924568543498,0.4525755622730424,0.031040268456375752,26.579590103005213,,0.13926174496644306,0.18204697986577179,0.04278523489932873
002086.SZSE,东方海洋,yang2,2024-11-06,3,True,1.3595053956529513,1.1331952261513218,0.098901098901099,9.903381642512077,中,0.20879120879120872,0.20879120879120872,0.0
002097.SZSE,山河智能,yin4,2025-07-28,2,False,1.9662713247523458,1.8246418907441337,0.040462427745664664,26.09329446064137,早,0.1445086705202312,0.1337737407101569,-0.01073492981007429
002097.SZSE,山河智能,yang4,2025-08-04,2,False,0.48595659430863025,1.2675788854555847,0.024983984625240208,24.55118487193808,早,0.08904548366431775,0.12107623318385663,0.03203074951953888
002117.SZSE,东港股份,yin2,2025-01-02,2,False,1.7785313014060027,1.4749776050154402,-0.017120622568093324,18.640938048195,中,0.049805447470817166,-0.009338521400778177,-0.05914396887159534
002119.SZSE,康强电子,yin2,2026-01-27,2,False,0.8965241925630848,1.519917468183993,0.0694949494949495,9.426120788752312,早,0.06828282828282828,0.03474747474747475,-0.03353535353535353
002137.SZSE,实益达,yin2,2024-12-19,6,True,1.1265101955794758,1.1962991220862695,0.1006535947712417,3.2667386609071203,尾,0.2104575163398692,0.4509803921568627,0.2405228758169935
002150.SZSE,正泰电源,yin2,2025-10-29,2,False,1.4107661340601008,0.5668228298916284,0.08376421923474675,4.574456580512609,中,0.12823164426059974,0.04188210961737315,-0.08634953464322659
002150.SZSE,正泰电源,yin2,2026-03-20,2,False,0.7405689670662968,1.7087851246011996,0.05475917431192645,9.993377692283456,早,0.08629587155963292,0.06192660550458706,-0.024369266055045857
002155.SZSE,湖南黄金,yin4,2026-02-27,2,False,1.6765238737189334,2.4854634413959293,0.06100795755968158,9.418081555652314,午,0.08037135278514573,0.07904509283819627,-0.0013262599469494596
002156.SZSE,通富微电,yin2,2024-11-05,2,False,1.339477088795745,1.6357988683427638,0.013620525815647655,22.137109254100928,中,0.043712385175799895,0.07190370605004759,0.028191320874247694
002160.SZSE,常铝股份,yin2,2025-10-29,2,False,1.1260154322264897,1.1047680085256892,0.033450704225352235,16.75231243576567,午,0.05809859154929575,-0.008802816901408383,-0.06690140845070414
002167.SZSE,东方锆业,yin4,2026-06-30,2,False,0.8191729502164156,0.839626715106328,0.011327594019030274,15.398692810457515,中,0.06524694154961486,0.18033529678296323,0.11508835523334837
002178.SZSE,延华智能,yang4,2024-10-29,3,True,0.8286717274383988,1.0393265390625497,0.03960396039603964,15.958668197474157,早,0.21122112211221133,0.09075907590759091,-0.12046204620462042
002181.SZSE,粤 传 媒,yin4,2024-12-17,3,True,1.7770065548029224,0.24416463251542808,0.04306220095693791,30.482285000780408,早,0.21052631578947367,0.08971291866028719,-0.12081339712918648
002181.SZSE,粤 传 媒,yang2,2026-04-30,2,False,0.813044831813234,1.7627691522675197,0.0,17.28307254623045,早,0.10369921164342033,0.13523347483323223,0.031534263189811895
002187.SZSE,广百股份,yang2,2024-12-12,2,False,0.7819167944974884,2.5997306855446283,0.04972375690607733,8.496927918477448,早,0.12983425414364635,0.13121546961325947,0.0013812154696131174
002187.SZSE,广百股份,yang2,2025-01-15,2,False,1.3450171556328563,1.0441088247093333,-0.03715846994535521,16.917965755175057,中,0.15081967213114744,0.02732240437158473,-0.12349726775956271
002187.SZSE,广百股份,yin2,2025-12-15,2,False,0.8138330585499047,1.1579990946257153,0.01997336884154466,-0.7401533174729136,中,0.08921438082556588,0.059920106524633754,-0.02929427430093212
002199.SZSE,东晶电子,yin2,2026-07-28,2,False,1.0148600132821355,2.2873764078512724,-0.025472473294987696,10.29545042595612,早,0.08956450287592443,0.17009038619556294,0.0805258833196385
002205.SZSE,国统股份,yang2,2025-08-08,2,False,1.789577972539839,2.3350999336571676,0.07585247042449561,5.0208287656215544,午,0.10020876826722347,0.08350730688935282,-0.016701461377870652
002210.SZSE,飞马国际,yang2,2024-11-05,2,False,0.4804534971217705,1.5683440051415105,0.06329113924050622,9.874826147426985,早,0.09282700421940926,0.13080168776371304,0.03797468354430378
002212.SZSE,天融信,yin2,2025-08-26,2,False,2.7515283898613885,2.1715845912116745,0.000888888888888939,25.867084358917005,早,0.12622222222222224,0.15466666666666673,0.028444444444444494
002218.SZSE,拓日新能,yang2,2026-01-23,3,True,0.33386108398780434,0.11618880629982643,0.1007326007326006,8.50556438791732,早,0.1282051282051282,0.2637362637362639,0.13553113553113572
002229.SZSE,鸿博股份,yin2,2023-08-14,2,False,0.7547128040807458,1.332479581162118,0.09772423025435062,3.0686020199790276,,0.11914323962516726,0.01740294511378848,-0.10174029451137878
002229.SZSE,鸿博股份,yang2,2023-08-21,2,False,0.8416563748415176,1.0084380860354032,0.10007286859363607,10.006680026720115,,0.047121690551372275,0.02744717026961374,-0.019674520281758534
002232.SZSE,启明信息,yang2,2024-07-26,3,True,1.1683597114360191,0.09527669245749176,0.10010266940451751,30.15300327386916,,0.20995893223819295,0.2879876796714578,0.07802874743326482
002247.SZSE,聚力文化,yin2,2024-10-30,2,False,1.1418748276761486,1.8163504500040428,0.10116731517509736,25.6723716381418,早,0.15175097276264604,0.0077821011673151474,-0.1439688715953309
002253.SZSE,川大智胜,yang2,2024-10-28,4,True,0.9077764039999502,0.12517944201848308,0.10022026431718056,20.808940926024476,早,0.2103524229074889,0.19823788546255505,-0.012114537444933848
002265.SZSE,建设工业,yang2,2025-07-17,3,True,2.0772939903480223,1.1707772177527123,0.09718586387434569,9.432070471961618,早,0.10176701570680646,0.2928664921465969,0.19109947643979042
002272.SZSE,川润股份,yin4,2024-10-30,2,False,1.5422189250621225,0.951176028065004,0.046122994652406435,35.39686849488641,中,0.10962566844919786,-0.010026737967914423,-0.11965240641711228
002276.SZSE,万马股份,yin2,2025-04-09,2,False,1.2606406754842823,2.596683003000267,0.061515378844711144,-4.266015512783694,早,0.08027006751687926,0.06976744186046502,-0.010502625656414244
002281.SZSE,光迅科技,yang2,2023-06-14,2,False,1.9770236760361743,1.1268435302500424,0.026043300909946776,13.56590528453836,,0.08973956699090047,0.15123941010354547,0.061499843112645
002292.SZSE,奥飞娱乐,yang4,2023-05-04,2,False,1.0083971964272849,0.9819211643303803,-0.0009784735812132794,10.153050226341875,,0.13405088062622306,0.09295499021526421,-0.041095890410958846
002292.SZSE,奥飞娱乐,yin2,2023-06-01,2,False,1.0790430760644434,0.8614685245866093,0.05163329820864071,11.254396248534594,,0.12434141201264493,0.17597471022128564,0.05163329820864071
002295.SZSE,精艺股份,yang2,2025-07-08,2,False,1.4741162461552408,2.820568354672657,0.07569721115537864,11.0373811103738,尾,0.08565737051792843,0.030876494023904355,-0.05478087649402408
002300.SZSE,太阳电缆,yang2,2025-12-02,4,True,1.6903801393592208,1.1890325838458267,0.07840616966580982,11.557212503584768,中,0.21079691516709498,0.33419023136246784,0.12339331619537286
002300.SZSE,太阳电缆,yin4,2025-12-12,3,True,0.7293970968361142,0.06877252501830707,0.10009354536950421,13.494001486357355,中,0.17025257249766135,0.08980355472404122,-0.08044901777362012
002302.SZSE,西部建设,yin2,2025-08-08,2,False,4.7706061135840985,3.7834631299097206,0.06099290780141842,7.93018983466014,午,0.10070921985815606,0.11063829787234036,0.0099290780141843
002313.SZSE,日海智能,yin4,2024-03-08,3,True,0.787799500576036,1.800845831004533,0.031152647975077663,7.035678559519831,,0.12668743509865,0.19210799584631366,0.06542056074766367
002313.SZSE,日海智能,yang2,2025-01-08,2,False,0.9187469947448532,2.9155232871445804,0.010452961672473782,5.773955773955786,早,0.09988385598141702,-0.0034843205574912606,-0.10336817653890829
002315.SZSE,焦点科技,yang2,2023-04-25,2,False,1.0411374659750523,0.36326265237940436,0.10003461405330571,12.107101280558785,,0.14226375908618905,0.07338179300796122,-0.06888196607822783
002335.SZSE,科华数据,yang2,2025-02-21,2,False,1.140056994642828,1.1985634976215804,0.012869198312236207,20.033427030312232,早,0.04493670886075951,0.060337552742615985,0.015400843881856474
002342.SZSE,巨力索具,yin4,2026-01-21,3,True,1.0888835985280494,0.7875963002954317,0.05272564789991052,-3.8824944167668796,午,0.20643431635388754,0.22520107238605913,0.018766756032171594
002354.SZSE,天娱数科,yin2,2024-12-05,4,True,0.4077022708229905,0.08658358941127776,0.0996441281138789,6.64136622390894,早,0.20996441281138778,0.3736654804270463,0.1637010676156585
002354.SZSE,天娱数科,yin4,2026-06-18,2,False,0.9556185069658355,0.6644187500382587,0.047865459249676556,1.7908875427969484,早,0.10090556274256146,0.04915912031047842,-0.05174644243208304
002364.SZSE,中恒电气,yin2,2025-01-06,3,True,0.9314678720433093,0.7833159223786947,0.024428684003152235,16.230078769005306,早,0.12687155240346737,0.08904649330181247,-0.0378250591016549
002365.SZSE,永安药业,yin2,2025-04-28,2,False,1.9317007896671259,1.2312823824643606,0.0,23.21647925918926,早,0.012269938650306678,-0.00996932515337412,-0.022239263803680798
002365.SZSE,永安药业,yang2,2025-05-14,2,False,0.7653219494985949,1.520393666839176,0.016921837228041747,2.4857543975555396,中,0.09427880741337624,0.12892828364222408,0.03464947622884784
002369.SZSE,卓翼科技,yang4,2025-03-05,2,False,0.9182364925837417,0.9776332242110013,0.02077363896848139,14.916035561409302,早,-0.01002865329512903,0.006446991404011504,0.016475644699140535
002370.SZSE,亚太药业,yang2,2025-07-28,2,False,0.833072402489604,0.8568306019630058,0.043618739903069415,20.521806853582557,早,0.1389337641357027,0.158319870759289,0.019386106623586308
002378.SZSE,章源钨业,yin2,2026-02-25,3,True,0.8821540527085605,1.0898826247818014,0.05961251862891204,22.889271455258054,中,0.14873323397913563,0.30968703427719824,0.1609538002980626
002388.SZSE,新亚制程,yang4,2024-09-30,2,False,1.3791028387056719,1.269227805599197,0.0997876857749469,15.724815724815722,午,0.10615711252653925,0.12314225053078554,0.01698513800424628
002388.SZSE,新亚制程,yin2,2024-10-30,2,False,1.7547190473720309,0.35233702902884484,0.09927797833935004,9.877032923443085,尾,0.2057761732851986,-0.010830324909747224,-0.21660649819494582
002400.SZSE,省广集团,yin2,2023-07-19,2,False,1.803566741769123,2.027874573091124,0.026490066225165476,16.669886034382863,,0.0943708609271523,0.0331125827814569,-0.0612582781456954
002400.SZSE,省广集团,yin2,2024-11-29,2,False,0.7741351171066992,1.5264849855465386,0.028037383177570208,9.239407861153648,早,0.0689252336448598,0.022196261682242868,-0.04672897196261694
002418.SZSE,康盛股份,yang4,2025-02-12,2,False,1.0454655398680461,2.2200888038267004,0.03498542274052463,13.238692637834282,早,0.11661807580174921,0.03790087463556846,-0.07871720116618075
002418.SZSE,康盛股份,yang2,2026-04-17,2,False,0.924343988696216,0.2260785732195606,0.10016155088852985,13.08001461454149,早,0.1147011308562198,-0.009693053311793265,-0.12439418416801307
002423.SZSE,中粮资本,yang4,2024-10-29,2,False,1.3403459353218332,2.3529886416825696,0.016577540106951894,11.568522164548622,早,0.13475935828877006,0.14973262032085577,0.01497326203208571
002427.SZSE,尤夫股份,yang4,2025-04-17,3,True,0.8764549947848179,1.0022009828277396,0.01675041876046901,11.17318435754191,早,0.12060301507537696,0.19430485762144056,0.0737018425460636
002432.SZSE,九安医疗,yin2,2026-03-27,2,False,1.063665729863851,1.3958804023730482,-0.010052447552447497,11.93190157037327,午,0.09994172494172493,0.07196969696969702,-0.027972027972027913
002440.SZSE,闰土股份,yin2,2026-02-06,2,False,0.5592822898470129,0.39938327516126354,0.04012112036336113,12.809564474807878,早,0.17562452687358054,0.16426949280847847,-0.011355034065102076
002455.SZSE,百川股份,yang2,2024-04-30,5,True,0.4405897481342451,2.0169163629000333,0.09999999999999987,15.850447604002094,,0.2102272727272727,0.38522727272727253,0.17499999999999982
002457.SZSE,青龙管业,yang2,2024-10-14,3,True,1.2938015050337595,1.064868650995735,-0.0007751937984495916,28.128724672228845,尾,0.11782945736434103,0.1348837209302325,0.01705426356589146
002459.SZSE,晶澳科技,yang2,2024-10-21,2,False,0.8244701503942634,2.476838378539447,0.010610079575596787,10.395314787701327,早,0.1114058355437666,0.17175066312997367,0.06034482758620707
002465.SZSE,海格通信,yin2,2026-01-12,3,True,0.7593622246171279,0.6414471451337297,0.09999999999999987,23.37371018393899,早,0.20999999999999996,0.08909090909090911,-0.12090909090909085
002471.SZSE,中超控股,yin4,2025-05-22,4,True,0.5036459428437492,0.719976641830993,0.08644859813084116,6.361829025844945,早,0.1658878504672896,0.28738317757009324,0.12149532710280364
002474.SZSE,榕基软件,yang2,2024-03-12,2,False,1.3383519324588824,1.7899861366347487,0.04459691252144071,11.259541984732824,,0.18010291595197248,0.13207547169811318,-0.0480274442538593
002491.SZSE,通鼎互联,yang2,2026-04-07,2,False,0.8551611169743369,0.3522266883138368,0.07597684515195358,17.088875709565365,早,0.12807525325615043,0.16787264833574533,0.0397973950795949
002498.SZSE,汉缆股份,yin4,2026-03-04,3,True,0.6958106340513368,0.19670613980267013,0.09717097170971689,9.406540169559952,早,0.17343173431734304,0.22509225092250928,0.05166051660516624
002506.SZSE,协鑫集成,yang2,2026-02-04,4,True,1.7042002452607394,1.3642153000684638,0.060846560846560926,11.143781240811524,午,0.060846560846560926,0.3915343915343916,0.3306878306878307
002513.SZSE,蓝丰生化,yin2,2024-10-31,6,True,1.2534293676560497,1.1324962835885368,0.023210831721470093,13.129102844638973,午,0.09477756286266925,0.5338491295938104,0.4390715667311411
002513.SZSE,蓝丰生化,yin4,2025-10-21,2,False,0.9858148647691746,1.4735853501252332,0.02934537246049662,1.7455213596692554,尾,0.036117381489842115,-0.009029345372460473,-0.04514672686230259
002523.SZSE,天桥起重,yin2,2024-12-09,2,False,0.5341308161060967,0.8468260630724097,0.10000000000000009,21.70385395537524,早,0.09523809523809512,0.026190476190476097,-0.06904761904761902
002530.SZSE,金财互联,yin2,2024-12-05,4,True,1.8395439137391625,0.8263646626201656,0.054216867469879526,10.900790557844342,早,0.20983935742971882,0.19879518072289137,-0.011044176706827447
002535.SZSE,林州重机,yin4,2023-07-12,2,False,0.3922691788940205,1.2042720560444016,0.057731958762886615,4.054923836086677,,0.1670103092783506,0.06597938144329896,-0.10103092783505163
002552.SZSE,宝鼎科技,yin4,2026-05-18,2,False,0.41112034510732476,0.4061553239875152,0.08630447085455573,18.702136235388966,早,0.09026598754951887,0.05829088851160136,-0.03197509903791751
002553.SZSE,南方精工,yin2,2024-03-21,2,False,1.0841810286093454,0.37746861402473325,0.1003062787136293,9.89565802760013,,0.20597243491577322,0.022205206738131533,-0.18376722817764168
002570.SZSE,贝因美,yin2,2024-10-28,3,True,1.3074607798040963,2.0131890204170952,0.10021786492374729,24.694376528117346,中,0.10239651416121998,0.23965141612200447,0.1372549019607845
002578.SZSE,闽发铝业,yin2,2025-12-05,2,False,1.0767845067509945,1.878688933556452,-0.002016129032258007,15.887850467289732,早,0.09677419354838723,0.012096774193548265,-0.08467741935483897
002583.SZSE,海能达,yin4,2024-09-30,3,True,1.4028348791672376,1.113361065993543,0.1004497751124438,32.55166931637519,早,0.11994002998500752,0.1364317841079461,0.016491754122938573
002583.SZSE,海能达,yin4,2024-10-15,2,False,0.6233566718872201,1.053213155380169,-0.019709543568464882,29.291845493562274,早,0.17219917012448138,0.12655601659751015,-0.045643153526971236
002583.SZSE,海能达,yin4,2024-10-18,10,True,1.26086145149848,0.6204430052649934,0.004184100418409997,33.05867943436145,早,0.17154811715481189,1.1238493723849374,0.9523012552301255
002600.SZSE,领益智造,yang2,2025-08-25,2,False,1.2048715840862267,0.9226014984006203,0.0331858407079646,18.24206487617719,中,0.1452802359882004,0.08997050147492613,-0.055309734513274256
002622.SZSE,皓宸医疗,yang2,2024-09-30,2,False,1.0662434397105323,1.6644085836250115,0.101010101010101,19.34900542495479,早,0.08080808080808088,0.11111111111111116,0.030303030303030276
002640.SZSE,跨境通,yang4,2024-09-24,3,True,1.5146185706934712,1.2459139238217116,0.0,3.715170278637747,早,0.11442786069651767,0.20895522388059717,0.0945273631840795
002640.SZSE,跨境通,yang4,2024-10-14,2,False,1.0216861092931653,1.6185268334402394,0.0,12.74315204446208,尾,0.09859154929577474,0.102112676056338,0.0035211267605632646
002640.SZSE,跨境通,yin2,2024-11-27,7,True,1.4993508256058312,1.869923416039824,0.05974025974025965,17.59315821624923,早,0.08571428571428563,0.7714285714285714,0.6857142857142857
002645.SZSE,华宏科技,yin4,2025-07-18,2,False,1.190865139598628,1.3462458741618182,0.04326587578506613,26.65723881916211,早,0.048150732728541534,0.025819958129797538,-0.022330774598743997
002645.SZSE,华宏科技,yin2,2025-08-15,3,True,1.0220441685414436,2.5499687867481597,0.03887399463806962,7.54703380667483,早,0.1494638069705092,0.11796246648793574,-0.03150134048257347
002651.SZSE,利君股份,yang4,2025-05-16,2,False,0.5396084949254502,1.4232683613933899,0.044460127028934426,45.61709998972356,早,0.07268877911079752,-0.009880028228652082,-0.0825688073394496
002657.SZSE,中科金财,yang2,2024-10-28,2,False,1.5817581471024549,1.0352331398035237,0.05997624703087889,9.379059495972996,午,0.15795724465558192,0.05581947743467941,-0.10213776722090251
002657.SZSE,中科金财,yin2,2024-11-13,4,True,1.2501341434676831,1.9969256750484599,0.060634770251065895,11.75224986765484,尾,0.20985315016579809,0.19753671245855053,-0.012316437707247552
002676.SZSE,顺威股份,yin2,2024-10-25,2,False,2.182332857006369,1.1497278683466712,0.09628378378378377,20.594825830107943,早,0.14695945945945943,0.06587837837837829,-0.08108108108108114
002681.SZSE,奋达科技,yin2,2024-12-09,3,True,0.697083455296277,0.04219387951464563,0.10034602076124566,26.03576101177496,早,0.14648212226066892,0.08881199538638973,-0.05767012687427919
002682.SZSE,龙洲股份,yang4,2025-12-03,6,True,1.2413009496491467,0.46212222174215284,0.05990783410138256,13.099374565670608,午,0.21044546850998458,0.5145929339477726,0.30414746543778803
002685.SZSE,华东重机,yang2,2024-10-18,4,True,1.3584494042624602,0.12435845846907108,0.10053859964093359,23.805290064458795,午,0.21005385996409331,0.23877917414721717,0.02872531418312385
002685.SZSE,华东重机,yin4,2024-10-25,2,False,2.2274292754918568,1.1499113391536668,0.0566534914361001,29.081632653061227,早,0.2108036890645586,0.14229249011857714,-0.06851119894598146
002692.SZSE,远程股份,yin2,2025-01-17,3,True,0.8527158734774846,0.1900775831113933,0.09940357852882697,12.527964205816566,早,0.20874751491053667,0.09343936381709739,-0.11530815109343928
002693.SZSE,双成药业,yin4,2024-11-19,3,True,0.3866904103327434,0.0967978466089805,0.10008071025020171,-3.677213713752614,早,0.21025020177562537,0.09322033898305082,-0.11702986279257455
002713.SZSE,东易日盛,yin2,2024-10-24,3,True,1.3880820350321275,2.0827334393924692,0.0,21.151079136690655,早,0.10926365795724458,0.16389548693586709,0.05463182897862251
002713.SZSE,东易日盛,yin2,2024-12-05,2,False,1.4300098997150021,0.6363326280275754,0.07608695652173925,15.917681646367065,尾,0.21014492753623193,0.11050724637681175,-0.09963768115942018
002718.SZSE,友邦吊顶,yang4,2026-01-12,3,True,1.0176659553370284,0.8394050517279812,0.05435933639251678,35.96659627567671,午,0.12460289445817163,0.08895164136957301,-0.03565125308859862
002725.SZSE,跃岭股份,yin2,2023-06-14,2,False,1.228584027248814,0.8810410674445762,0.10043668122270755,18.775933609958486,,0.039301310043668325,0.05502183406113548,0.015720524017467152
002730.SZSE,电光科技,yang4,2025-01-17,5,True,0.5601354438016327,0.3137866489469864,0.06326422115895802,18.9602833291171,早,0.2099946836788944,0.3179160021265286,0.1079213184476342
002741.SZSE,光华科技,yang2,2026-06-15,3,True,0.6841141263301947,0.10144113956013708,0.1000306842589751,14.66066213981636,早,0.18686713715863745,0.26725989567351927,0.08039275851488181
002747.SZSE,埃斯顿,yin2,2026-06-30,2,False,0.6352134652296756,0.5685149071624053,0.045004018215912156,3.85310891640005,早,0.14679882132333266,0.0902759174926333,-0.056522903830699356
002757.SZSE,南兴股份,yang2,2025-02-17,2,False,1.782658114034728,1.5799759889517986,-0.04397705544933084,14.535997810019175,早,0.12189292543021013,0.07074569789674934,-0.05114722753346079
002769.SZSE,普路通,yang2,2024-12-11,2,False,1.4462601609486976,1.3350968376705028,0.030042918454935563,13.672399073057706,早,0.09871244635193133,-0.0021459227467810482,-0.10085836909871237
002771.SZSE,真视通,yang2,2023-10-16,9,True,0.6125729343120647,0.21193454488238533,0.09988038277511979,12.259970457902503,,0.20992822966507196,0.9294258373205742,0.7194976076555022
002777.SZSE,久远银海,yang2,2023-05-05,2,False,1.6620200542283592,1.7771528615278263,0.013896931094383502,5.112598904443089,,0.07064273306311519,0.12767805442964697,0.05703532136653178
002779.SZSE,中坚科技,yang2,2024-12-20,2,False,0.8595004818503051,2.261635459995471,0.01987054041848557,-0.3106382340141267,早,0.10642781875658569,0.10055697726930601,-0.005870841487279677
002782.SZSE,可立克,yin2,2026-05-19,2,False,0.8659517551191096,1.2155387117317928,0.06306632837984782,17.564342935060505,中,0.10039869517941291,0.02210945994925706,-0.07828923523015585
002788.SZSE,鹭燕医药,yang4,2026-01-06,3,True,0.7982935696569473,0.6784685842867301,0.05809859154929575,10.093521345156752,早,0.0994718309859155,0.18045774647887325,0.08098591549295775
002792.SZSE,通宇通讯,yang2,2024-11-20,2,False,1.2558094022596107,2.477967793623945,0.03820895522388068,7.104034784832791,中,0.07880597014925383,0.05373134328358198,-0.025074626865671856
002792.SZSE,通宇通讯,yang4,2025-12-15,2,False,1.0339130061665585,0.46371091540835585,0.09996875976257424,8.438632745011688,早,0.09996875976257424,-0.009996875976257313,-0.10996563573883156
002792.SZSE,通宇通讯,yang4,2025-12-25,2,False,0.8209999776300341,0.8438494951812724,0.03535882661079093,14.493057846283008,中,0.1495547407019382,0.11262441068622309,-0.03693033001571511
002792.SZSE,通宇通讯,yang2,2026-08-06,2,False,0.8037503666885081,0.26915713482397374,0.09997042295178926,27.85025524673852,早,0.08074534161490665,0.008577343981070573,-0.07216799763383608
002806.SZSE,华锋股份,yin2,2026-06-15,2,False,0.5845819884480677,1.8753526303753134,0.014346439957491963,-1.2798992866135062,早,0.1376195536663125,0.10414452709883104,-0.03347502656748147
002809.SZSE,红墙股份,yang4,2025-05-09,3,True,0.9568627006670749,0.9288824142897346,0.006535947712418277,14.264376400298717,中,0.10021786492374729,0.2570806100217864,0.1568627450980391
002827.SZSE,高争民爆,yang4,2026-08-06,3,True,0.647503846622981,0.7393686774688699,0.0816409423233142,43.226969952587325,早,0.17790414297319246,0.19029244516653132,0.012388302193338863
002829.SZSE,星网宇达,yin2,2024-08-13,2,False,1.0337687030521934,0.654400899031682,0.031630170316301554,-3.125441945976526,,0.07639902676399024,0.06326034063260333,-0.013138686131386912
002848.SZSE,高斯贝尔,yin2,2024-11-29,2,False,1.5532589027401313,2.8402644591211197,-0.01839926402943881,11.06569939715949,早,0.09843606255749782,-0.0009199632014719183,-0.09935602575896973
002855.SZSE,捷荣技术,yin4,2023-09-08,2,False,2.3033641476607283,2.5074223460434943,0.07091861018562584,45.67011024058798,,0.09424083769633484,0.04997620180866247,-0.04426463588767238
002855.SZSE,捷荣技术,yin4,2023-09-13,2,False,1.2820898523742095,1.1493540805389002,0.009476720230737534,32.32648165312686,,0.08364235681911825,0.06757313555830247,-0.01606922126081578
002855.SZSE,捷荣技术,yang2,2023-11-08,2,False,1.68911692329807,0.5927607648256829,0.0726072607260726,5.950230199895112,,0.14411441144114412,-0.00990099009900991,-0.15401540154015403
002861.SZSE,瀛通通讯,yang2,2024-06-26,4,True,0.832752313731483,2.683098477834952,0.005656108597285048,1.5041910667126013,,0.10746606334841613,0.19683257918552033,0.0893665158371042
002877.SZSE,智能自控,yang2,2024-03-04,2,False,1.3930747019545593,2.208258474525951,0.008403361344537785,15.003624063783505,,0.11344537815126055,0.0399159663865547,-0.07352941176470584
002878.SZSE,元隆雅图,yin2,2025-06-11,4,True,1.1992727368181821,0.7544871883477903,0.043689320388349495,13.137082601054505,午,0.14902912621359232,0.2203883495145631,0.07135922330097078
002888.SZSE,惠威科技,yin4,2023-12-18,4,True,0.9052504250987031,2.0244561532650174,0.01030927835051565,2.4990753949384326,,0.11907216494845363,0.19793814432989687,0.07886597938144324
002888.SZSE,惠威科技,yin4,2024-01-03,2,False,0.30726366222202134,0.5099656183638386,0.08444096950742774,5.172272017103863,,0.12197028928850662,0.08483189992181406,-0.03713838936669256
002900.SZSE,哈三联,yin2,2026-08-07,2,False,1.2949110979877014,2.309908647506229,0.060830860534124565,10.08574928542263,早,0.060830860534124565,0.08160237388724023,0.020771513353115667
002919.SZSE,名臣健康,yin2,2023-05-26,2,False,0.6296222525420522,1.7207094642766516,0.06307842182172418,9.086078639744954,,0.08865075499269359,0.1283487579152458,0.03969800292255221
002919.SZSE,名臣健康,yin2,2024-08-14,2,False,1.7147631122953169,2.039600766814267,0.014383043149129415,6.249497305557794,,0.11279333838001504,0.029523088569265665,-0.08327024981074937
002940.SZSE,昂利康,yang4,2025-07-01,2,False,0.8099308998484637,1.1483119427949702,-0.0007349338559530239,23.68572554010242,午,0.004409603135717699,0.10044096031357186,0.09603135717785416
002940.SZSE,昂利康,yin2,2025-07-31,2,False,1.0557762303683904,0.5464080796225397,0.013986013986013957,1.1440595547539623,中,0.08933566433566442,0.13111888111888104,0.041783216783216615
002940.SZSE,昂利康,yin2,2026-05-13,2,False,1.4676466858374777,1.4760207596382975,0.057095800164699284,6.955168667978051,中,0.12077957727147948,0.18665934669228657,0.06587976942080709
002951.SZSE,金时科技,yang4,2025-07-07,3,True,0.827706278827305,0.7436675712413461,0.034965034965035,6.987879694747878,中,0.18881118881118875,0.299300699300699,0.11048951048951028
002963.SZSE,豪尔赛,yang4,2026-08-25,2,False,2.054440457501682,1.6388243928054005,0.034448818897637734,11.568659748531275,午,0.1417322834645669,0.047244094488189115,-0.09448818897637778
002969.SZSE,嘉美包装,yang4,2026-01-06,2,False,1.32899226335442,0.03974928157496937,0.10019907100199066,43.71543009727257,早,0.2103516921035169,0.16456536164565372,-0.04578633045786318
002971.SZSE,和远气体,yang2,2026-06-09,4,True,1.8041037091634329,0.3276675493559659,0.1000229410415232,19.000819000819025,早,0.21013994035329198,0.3025923376921311,0.09245239733883914
002973.SZSE,侨银股份,yang2,2025-05-28,2,False,1.1078971626879228,6.15155099456902,0.04014869888475836,11.479486116866955,早,0.13011152416356886,-0.006691449814126393,-0.13680297397769525
002979.SZSE,雷赛智能,yang2,2024-11-01,2,False,2.5257603867517204,1.1587161351010036,0.06932153392330376,4.738732475958751,尾,0.1799410029498525,0.12831858407079655,-0.05162241887905594
002980.SZSE,华盛昌,yin2,2026-04-13,2,False,0.4717537502052935,0.9053636991028295,0.022123134968273117,19.10938617097335,早,0.17355513634025055,0.20974103927285204,0.03618590293260149
002987.SZSE,京北方,yang2,2025-07-04,2,False,0.7879978060065683,1.1886787616147525,0.03862660944205998,19.530087723798275,中,0.12060085836909873,0.08068669527896999,-0.03991416309012874
002990.SZSE,盛视科技,yang2,2026-06-24,2,False,1.075053633425422,0.5005662710473703,0.07090909090909103,24.279742401988493,中,0.09499999999999997,0.1393939393939394,0.04439393939393943
002995.SZSE,天地在线,yin2,2023-05-26,2,False,1.017211755014866,1.2463028215849923,0.06483551580964564,1.8973541185276943,,0.1724688597892048,0.10443947620568506,-0.06802938358351973
002995.SZSE,天地在线,yin2,2026-01-29,2,False,0.48406575026712145,1.6876322391243181,0.05196047178833285,32.31262389809777,早,0.11603442779725848,0.12049729040484536,0.004462862607586882
003005.SZSE,竞业达,yang2,2024-03-06,2,False,1.9560214428570994,2.089777281642209,0.0,16.362252663622524,,0.15500327011118387,0.06245912361020278,-0.09254414650098108
003007.SZSE,直真科技,yang2,2026-01-08,5,True,1.479396512334589,3.9442531950600284,0.0041636051922606665,8.697388387508976,早,0.2098946852804311,0.31741366642174884,0.10751898114131775
003029.SZSE,吉大正元,yin2,2025-06-23,4,True,0.37015965422951397,0.08455928334688262,0.10015290519877684,8.655922910782522,早,0.2102446483180429,0.22935779816513757,0.019113149847094668
003036.SZSE,泰坦股份,yang2,2026-05-25,2,False,1.014691509596357,1.2895841969612314,0.03572704537334759,21.788317197867958,早,0.07395498392282951,0.1588067166845304,0.08485173276170088
003037.SZSE,三和管桩,yin2,2025-07-21,2,False,0.4881758682949475,1.0602055004840336,0.10010427528675714,11.706464764123448,早,0.14181438998957252,0.09071949947862357,-0.051094890510948954
003041.SZSE,真爱美家,yin2,2024-12-04,2,False,1.0692508593047336,0.9929442892841392,0.02142578885858959,30.377368073543607,早,0.10011686793922858,0.012465913517724747,-0.08765095442150383
600021.SSE,上海电力,yang2,2025-09-01,2,False,0.5643516849992408,0.2674983046489277,0.09798099762470303,17.737537579528762,早,0.18052256532066502,0.14251781472684066,-0.038004750593824355
600072.SSE,中船科技,yang2,2023-05-05,2,False,1.34280641360665,0.7880519099382712,0.02618008726695753,33.358019466779524,,0.19000396667988895,0.15271717572391896,-0.037286790955969984
600078.SSE,澄星股份,yang4,2025-11-06,3,True,1.3781273940038417,0.3708661789949335,0.05069124423963145,14.210526315789473,早,0.21013824884792642,0.23502304147465436,0.024884792626727936
600088.SSE,中视传媒,yin2,2024-01-23,8,True,0.7390561320472743,2.546160460484039,0.06666666666666665,7.150588065516983,,0.21010101010101012,0.7548821548821549,0.5447811447811448
600094.SSE,大名城,yin2,2024-04-26,2,False,1.8445180198856939,3.4824149968890046,0.01285347043701801,5.1635577183022585,,0.10025706940874035,0.010282776349614497,-0.08997429305912585
600113.SSE,浙江东日,yang2,2025-06-20,3,True,2.066568340843484,1.4513852111605434,-0.019816336394393397,31.909467644246114,尾,0.10004833252779122,0.2228129531174481,0.12276462058965687
600152.SSE,维科技术,yin2,2026-04-24,3,True,0.6118666165026301,1.3407205836788236,0.03626543209876543,3.242252847924809,早,0.12268518518518512,0.11882716049382713,-0.0038580246913579863
600162.SSE,香江控股,yin4,2026-06-18,2,False,0.7062858226813903,0.714681068355269,0.033519553072625774,3.259301990193242,早,0.0949720670391061,0.0837988826815641,-0.011173184357541999
600162.SSE,香江控股,yang2,2026-07-15,3,True,0.5782382135636661,3.293607607340562,0.07114624505928857,5.769230769230771,早,0.1462450592885376,0.0869565217391306,-0.059288537549406994
600162.SSE,香江控股,yang2,2026-08-27,2,False,0.7809914220934976,0.9408548020223793,0.047227926078028615,11.954022988505763,早,0.2114989733059549,0.02053388090349073,-0.19096509240246418
600171.SSE,上海贝岭,yin2,2024-10-18,3,True,1.398891467922499,0.08402947146677302,0.09993510707332898,8.67802108678022,早,0.20992861778066185,0.14892926670992845,-0.0609993510707334
600172.SSE,黄河旋风,yin2,2024-10-30,2,False,1.671902594785823,1.2641434920176795,0.08854166666666674,34.68958260259558,中,0.10416666666666674,-0.01041666666666663,-0.11458333333333337
600178.SSE,东安动力,yin2,2023-11-23,9,True,0.8387919817165759,0.7307586320115855,0.10023310023310006,6.043752317389672,,0.2097902097902098,0.928904428904429,0.7191142191142192
600186.SSE,莲花控股,yang2,2025-02-06,2,False,1.4977357827401716,2.717708952235376,0.023648648648648685,14.77316789453278,早,0.1520270270270272,0.1452702702702704,-0.006756756756756799
600186.SSE,莲花控股,yang2,2026-06-16,2,False,0.7923756545724039,0.6473313245749376,0.018004501125281402,18.541574032903508,午,0.11702925731432856,0.07126781695423845,-0.04576144036009011
600198.SSE,大唐电信,yin4,2024-10-23,4,True,0.7517819876611143,0.4164340199962213,0.06924643584521384,15.679114147720563,早,0.20977596741344207,0.45417515274949083,0.24439918533604876
600203.SSE,福日电子,yin2,2024-10-14,3,True,0.9035742163547661,1.4860544343914912,0.07323232323232332,3.7735849056603765,早,0.11868686868686873,0.2992424242424241,0.18055555555555536
600229.SSE,城市传媒,yang2,2024-03-01,2,False,1.636218896179476,3.6274204641247443,0.04444444444444451,12.715485486960354,,0.1006535947712417,0.0470588235294116,-0.0535947712418301
600234.SSE,科新发展,yin2,2024-04-23,3,True,1.453511598166608,0.5359316598128799,0.015625,-8.506075768406006,,0.171875,0.17708333333333326,0.005208333333333259
600234.SSE,科新发展,yang2,2026-05-08,2,False,1.1048874511114568,1.4252090558916695,0.03110800419433768,16.11672551645764,中,0.10101363159734356,0.046137714085983994,-0.05487591751135956
600234.SSE,科新发展,yin2,2026-05-22,2,False,0.637615055624696,2.419506189521729,0.0,-4.803781466417489,早,0.09853733641262497,0.13394919168591235,0.035411855273287385
600262.SSE,北方股份,yin2,2024-08-06,2,False,0.5952155588409843,1.6126473877057936,0.0429228410832907,3.6491711244107883,,0.11752682677567705,-0.009708737864077777,-0.12723556463975483
600280.SSE,中央商场,yang2,2025-12-09,2,False,2.4730843420754476,2.2384047011222967,0.05665024630541882,9.581646423751678,中,0.07389162561576379,0.08866995073891637,0.01477832512315258
600281.SSE,华阳新材,yin2,2025-05-16,2,False,1.2780302759490543,1.3727472075198406,0.02970297029702973,7.836856715780494,早,0.12871287128712883,0.16831683168316847,0.03960396039603964
600318.SSE,新力金融,yang2,2024-11-04,2,False,0.8368387077486583,0.07949733378734312,0.10010111223458029,16.958372753074748,早,0.21031344792719908,0.1213346814964611,-0.08897876643073799
600333.SSE,长春燃气,yin2,2024-11-22,2,False,0.9179495598444537,1.6898306135205345,0.004823151125401992,4.187604690117253,早,0.20418006430868174,0.07073954983922826,-0.1334405144694535
600343.SSE,航天动力,yang2,2025-12-11,2,False,1.0542621877199698,0.9102445015630296,0.0,28.764608268898062,中,0.0693720866465588,0.04469426926240749,-0.024677817384151313
600375.SSE,汉马科技,yin2,2024-02-21,5,True,1.189082006432607,2.2041547313622436,0.0024875621890549926,13.016587011526548,,0.09452736318407973,0.3184079601990051,0.22388059701492535
600376.SSE,首开股份,yang4,2025-09-12,5,True,0.9150158901903429,1.5145889222257582,0.09074410163339386,44.16535845107272,早,0.11796733212341204,0.3176043557168784,0.19963702359346636
600378.SSE,昊华科技,yin2,2026-06-29,2,False,1.077658738929134,1.2298041141545721,0.04727856413249665,6.0556819412848295,午,0.12082299722749168,0.18196410331241797,0.06114110608492629
600396.SSE,华电辽能,yin4,2026-04-13,2,False,0.960078404422739,0.7458511351170716,0.041095890410958846,-2.2234128047146973,早,0.11369863013698644,0.10273972602739745,-0.010958904109588996
600396.SSE,华电辽能,yang4,2026-04-21,3,True,1.0784913032160082,0.8271439943352258,0.0,8.70437224227838,中,0.142681426814268,0.1316113161131609,-0.011070110701107083
600403.SSE,大有能源,yang4,2025-11-14,2,False,0.9940552042670796,0.8902429738259803,0.024654832347140054,15.397746671218847,中,0.10453648915187363,0.011834319526627057,-0.09270216962524658
600408.SSE,安泰集团,yang4,2025-12-02,2,False,1.4491357219388892,1.5718564562411341,0.0,6.231702216645729,早,0.1279527559055118,0.023622047244094446,-0.10433070866141736
600410.SSE,华胜天成,yin2,2023-06-09,2,False,1.8720107523364995,3.716044947995039,0.024691358024691468,7.9424307036247255,,0.09259259259259256,0.05555555555555558,-0.03703703703703698
600410.SSE,华胜天成,yang2,2025-08-18,2,False,0.38093945031924675,1.0657169814398706,0.05996131528046433,35.43781518108587,早,0.04690522243713735,0.019825918762089056,-0.027079303675048294
600475.SSE,华光环能,yin4,2025-08-05,4,True,2.343046443704433,2.178601852550762,0.005025125628140614,9.243120839909436,中,0.1306532663316582,0.4371859296482412,0.306532663316583
600475.SSE,华光环能,yang4,2025-08-21,2,False,0.7948419070732118,0.81763669609583,0.08234295415959259,7.826086956521716,午,0.11247877758913427,0.014431239388794648,-0.09804753820033962
600506.SSE,统一股份,yang2,2024-12-11,2,False,1.3281963591905555,1.0314254712469184,-0.024114173228346525,17.66749667033414,尾,0.14370078740157477,0.06299212598425208,-0.08070866141732269
600513.SSE,联环药业,yin2,2025-07-10,3,True,1.3234535766029025,1.8643373709793738,0.048458149779735615,20.595006197981224,早,0.10572687224669619,0.08883994126284889,-0.016886930983847304
600520.SSE,三佳科技,yin4,2024-10-24,3,True,2.1735726300063396,0.44520347925405,0.10009140767824509,41.17950703316555,早,0.2020109689213896,0.1855575868372945,-0.01645338208409508
600539.SSE,狮头股份,yin2,2026-03-27,2,False,1.1477601000301816,2.2896264833534774,0.0,16.218205610534064,早,0.06826178747361,0.032371569317382054,-0.03589021815622795
600545.SSE,卓郎智能,yin2,2026-03-04,3,True,1.0546982920544665,0.11439737826102812,0.0991253644314869,5.896881753627681,早,0.16618075801749255,0.13411078717201175,-0.0320699708454808
600556.SSE,天下秀,yang2,2025-01-14,3,True,0.4698838358761871,0.18860897671215496,0.09923664122137388,5.49627541775719,早,0.20992366412213737,0.27862595419847325,0.06870229007633588
600579.SSE,中化装备,yang4,2025-01-21,2,False,0.6097981431266702,2.558806911960812,0.06371490280777525,6.436781609195408,早,0.10151187904967607,0.11231101511879049,0.010799136069114423
600584.SSE,长电科技,yin2,2026-06-24,2,False,1.161287466341544,0.510090350024328,0.05596620908130934,17.921004134083795,早,0.12903907074973597,0.06536430834213292,-0.06367476240760306
600589.SSE,大位科技,yin4,2025-03-10,2,False,0.8665801942464421,1.2618162683883576,-0.03598971722365041,14.546525323910497,午,0.1118251928020566,0.06555269922879159,-0.04627249357326502
600589.SSE,大位科技,yin2,2025-03-28,2,False,1.0197289770765383,1.604020697801189,-0.0442225392296719,-11.355589276681844,早,0.06990014265335232,0.029957203994293913,-0.0399429386590584
600590.SSE,泰豪科技,yang4,2025-03-05,2,False,0.677982056326351,0.1676343319113743,0.0788126919140224,8.48323339995558,早,0.12589559877175027,0.19037871033776876,0.06448311156601849
600592.SSE,龙溪股份,yin2,2025-03-04,3,True,0.47971472941337084,0.34604386700944423,0.07124842370744,13.699906803355066,早,0.210592686002522,0.2673392181588905,0.05674653215636849
600593.SSE,大连圣亚,yang2,2024-11-25,2,False,1.5123372630791028,1.545897681276059,-0.019863236730706557,7.010941529026415,早,0.08922175187235437,0.13936828394659728,0.05014653207424291
600593.SSE,大连圣亚,yang2,2024-12-12,3,True,1.2396126773423064,0.985367925845695,0.0,18.151512838130124,中,0.12513461124273095,0.08895110919664018,-0.036183502046090776
600601.SSE,方正科技,yang2,2025-09-11,2,False,0.7192435359063795,0.7059480741911403,0.03797468354430378,12.056737588652467,早,0.12463485881207403,0.1616358325219085,0.03700097370983446
600610.SSE,中毅达,yang2,2025-03-24,4,True,0.97253038821662,0.614017592132618,0.027397260273972712,35.96150861399969,早,0.19292237442922366,0.19748858447488593,0.004566210045662267
600610.SSE,中毅达,yang4,2025-04-14,2,False,0.37554028289140184,1.413089881857102,0.03377686796315249,13.222853169544567,早,0.10542476970317316,0.1463664278403276,0.040941658137154446
600611.SSE,大众交通,yang2,2024-07-22,2,False,0.78712429017065,0.6426566586941681,0.050488599348534224,33.07325530992631,,0.1368078175895766,0.1579804560260587,0.021172638436482094
600611.SSE,大众交通,yang2,2024-07-29,2,False,0.5224410633204206,0.9686070653802575,0.033441208198489836,39.924528301886795,,0.1618122977346279,0.07119741100323629,-0.09061488673139162
600611.SSE,大众交通,yang2,2024-09-30,3,True,1.4428838941364124,0.930437813010029,0.09578544061302674,13.379669852302346,午,0.14942528735632177,0.14814814814814814,-0.0012771392081736277
600613.SSE,神奇制药,yang2,2024-10-25,2,False,0.8265956475841629,2.0262172438156028,0.09421265141319002,15.283165244375475,早,0.11574697173620452,0.12786002691790066,0.012113055181696142
600617.SSE,国新能源,yin2,2025-10-17,2,False,2.1689881413826204,1.7753528719767122,0.01750000000000007,22.473974280465427,早,0.1399999999999999,0.15999999999999992,0.020000000000000018
600622.SSE,光大嘉宝,yin4,2024-10-31,2,False,1.1826491436105995,1.0515157831096547,0.010101010101010166,20.40865969350525,早,0.13131313131313127,0.11717171717171726,-0.01414141414141401
600629.SSE,华建集团,yang4,2025-09-25,4,True,0.6601843338809592,0.6061182240677462,0.07795823665893264,15.203677964289541,中,0.2064965197215778,0.3132250580046403,0.1067285382830625
600630.SSE,龙头股份,yin2,2023-12-06,2,False,1.9329564593371509,1.971900884330832,0.025229357798165042,7.2438814413971375,,0.11238532110091737,0.014908256880733939,-0.09747706422018343
600630.SSE,龙头股份,yang2,2023-12-14,3,True,0.9487308660675444,1.1877042937422553,0.03588290840415498,17.314722499169164,,0.19830028328611893,0.12275731822474034,-0.07554296506137859
600644.SSE,乐山电力,yang4,2025-05-20,2,False,1.0371748896885982,1.1654897575293883,0.033022254127781814,14.60304401480872,早,0.10911701363962667,0.1629576453697057,0.053840631730079025
600650.SSE,锦江在线,yang2,2024-09-30,3,True,1.5151622927716255,1.2820555505505309,0.09976433621366843,18.154817152403947,午,0.1390416339355851,0.13982717989002347,0.0007855459544383603
600653.SSE,申华控股,yin4,2024-11-07,2,False,0.8126677615067717,0.8482252067415192,0.06854838709677424,6.529209621993126,中,0.10080645161290325,0.024193548387096753,-0.0766129032258065
600681.SSE,百川能源,yin2,2025-11-11,2,False,1.3390219120026265,1.2140254345117045,0.07028112449799195,8.567691301504254,午,0.10441767068273089,0.06224899598393563,-0.04216867469879526
600686.SSE,金龙汽车,yin2,2024-07-25,4,True,0.5910347056565926,1.6900688521020448,0.07950116913484018,20.333896079534817,,0.15354637568199547,0.22447388932190182,0.07092751363990635
600686.SSE,金龙汽车,yin4,2024-08-13,3,True,1.2112720104383758,0.6993609460039207,0.05198776758409762,0.2452483139178563,,0.09418960244648322,0.08929663608562666,-0.0048929663608565654
600699.SSE,均胜电子,yang2,2025-09-16,3,True,0.39621811109485644,0.10881294044910672,0.10006561679790038,18.960268519241264,早,0.2099737532808399,0.2171916010498689,0.007217847769029007
600707.SSE,彩虹股份,yang2,2026-04-17,2,False,0.8541145290902645,0.7686115605156426,0.06161745827984588,17.976677267908524,早,0.11424903722721425,0.08472400513478817,-0.029525032092426073
600722.SSE,金牛化工,yin2,2026-07-22,2,False,2.0006729224278486,1.585685024897437,0.0,17.3892442549159,早,0.13118062563067623,0.15338042381432881,0.022199798183652586
600726.SSE,华电能源,yang4,2026-03-19,2,False,1.3234090833166168,1.229439176849206,0.005976095617529875,29.181677817807493,中,0.05776892430278879,0.059760956175298974,0.0019920318725101804
600726.SSE,华电能源,yang4,2026-03-25,2,False,0.9274933259563185,1.1992326818941874,0.009756097560975618,25.612745098039234,早,0.0634146341463413,0.08617886178861767,0.02276422764227637
600726.SSE,华电能源,yang4,2026-05-25,5,True,0.639273622263847,1.077435587862062,0.050578034682080775,-3.3519553072625663,早,0.13583815028901736,0.3728323699421965,0.23699421965317913
600732.SSE,爱旭股份,yang2,2024-11-08,2,False,1.282050376245894,0.702036655162349,-0.00850460666194186,11.939706465688204,早,0.16938341601700935,0.15733522324592486,-0.012048192771084487
600760.SSE,中航沈飞,yang2,2024-11-05,2,False,1.182738860887375,2.313060169656737,0.09992542878448907,11.663925723921164,早,0.08128262490678595,0.03504847129008204,-0.04623415361670391
600770.SSE,综艺股份,yang2,2024-10-17,4,True,0.7989540464163432,1.539388640481147,0.04497354497354511,9.374999999999979,早,0.21164021164021163,0.27513227513227534,0.06349206349206371
600785.SSE,新华百货,yin4,2026-02-02,2,False,0.45821985621383154,1.5504260712867657,-0.002144082332761643,4.3120415101091325,早,0.11492281303602048,0.08704974271012023,-0.02787307032590025
600797.SSE,浙大网新,yin2,2024-11-11,2,False,1.3712293306139414,3.490288344610816,0.0997340425531914,10.005851375073128,早,0.09574468085106402,0.054521276595744794,-0.04122340425531923
600807.SSE,济高发展,yin2,2025-01-27,2,False,1.4372003127409116,1.666262199786633,0.0177304964539009,3.183315038419332,早,0.13120567375886538,0.07092198581560294,-0.06028368794326244
600828.SSE,茂业商业,yang2,2026-01-09,2,False,1.0899792917694935,0.6727254333136345,0.10014306151645203,14.383897889052545,早,0.1673819742489271,0.15021459227467804,-0.017167381974249052
600828.SSE,茂业商业,yang2,2026-01-30,2,False,0.9875831644330137,3.523951740087053,-0.0075987841945288626,2.237414543194527,早,0.0714285714285714,0.045592705167173175,-0.02583586626139822
600839.SSE,四川长虹,yin2,2024-10-16,6,True,1.9341170404618604,2.7210028240894526,0.03134328358208949,12.453843571668344,午,0.16268656716417906,0.6402985074626866,0.4776119402985075
600841.SSE,动力新科,yin2,2024-07-18,2,False,1.1762258254018747,1.3377335844979326,0.0,14.461194863204918,,0.03658536585365857,0.08292682926829298,0.04634146341463441
600879.SSE,航天电子,yang2,2026-01-08,3,True,0.609116579078284,1.0839818109191928,0.05444785276073616,23.924922784509395,早,0.16947852760736204,0.08895705521472386,-0.08052147239263818
600881.SSE,亚泰集团,yin2,2024-12-11,2,False,1.0443725096936227,0.690425471224382,0.10126582278481,15.160349854227405,午,0.17721518987341778,0.10970464135021096,-0.06751054852320681
600903.SSE,贵州燃气,yang2,2026-05-18,2,False,1.43547026911555,0.720258805085102,0.0669693530079456,25.911104759182525,早,0.16799091940976152,0.11577752553915999,-0.05221339387060153
600936.SSE,北投科技,yang2,2026-06-02,2,False,1.2763164094280848,1.599621554270747,0.03040540540540526,5.244444444444452,中,0.0760135135135136,0.042229729729729826,-0.03378378378378377
600977.SSE,中国电影,yin2,2025-09-12,2,False,1.2476161876269234,1.141566434968578,0.037402597402597326,20.3125,尾,0.14701298701298682,0.10909090909090913,-0.03792207792207769
600984.SSE,建设机械,yin2,2024-04-10,4,True,0.6475666036312329,2.3897750189394293,0.025157232704402288,2.3495333118764172,,0.21069182389937113,0.20125786163522008,-0.009433962264151052
600986.SSE,浙文互联,yang2,2026-01-23,2,False,1.1833853924973223,1.3995524294677302,0.10041493775933596,11.770707726555973,早,0.17676348547717824,0.08796680497925302,-0.08879668049792522
600990.SSE,四创电子,yang2,2024-05-07,3,True,0.4295771620198199,2.518873576992211,0.06076810889645112,10.573563403752107,,0.06417112299465244,0.08896451142440442,0.024793388429751984
601008.SSE,连云港,yin4,2025-05-13,5,True,1.9317475878626917,1.6427215343080348,0.03220035778175312,1.8771642063058147,尾,0.16815742397137745,0.32021466905187834,0.1520572450805009
601011.SSE,宝泰隆,yang2,2024-12-30,2,False,1.4554647650757857,2.8305847761988163,0.021897810218977964,1.820884429580083,尾,0.11678832116788307,-0.0036496350364964014,-0.12043795620437947
601096.SSE,宏盛华源,yin2,2024-01-10,2,False,0.9187063505714929,1.5107956180290845,-0.009740259740259827,8.317214700193443,,0.07954545454545459,0.09577922077922074,0.016233766233766156
601099.SSE,太平洋,yang2,2023-07-28,2,False,2.150351574982226,0.10363940404794675,0.09890109890109877,25.560538116591935,,0.15384615384615397,0.18131868131868112,0.027472527472527153
601106.SSE,中国一重,yin2,2025-12-19,2,False,0.7632620256968152,1.5165841925900132,0.044386422976501194,3.90667390124797,早,0.0966057441253263,0.06266318537859017,-0.03394255874673613
601106.SSE,中国一重,yang2,2026-01-07,4,True,1.1857273977812102,0.6101449529313739,0.10067114093959728,8.838568298027738,早,0.21029082774049224,0.34228187919463093,0.1319910514541387
601162.SSE,天风证券,yang2,2024-09-24,7,True,0.8176318931620279,0.1318279591971338,0.09999999999999987,5.374077976817704,中,0.13000000000000012,0.5933333333333335,0.4633333333333334
601566.SSE,九牧王,yin4,2025-12-18,2,False,1.1800464985834327,0.428685237635146,0.0362694300518136,7.603317304341783,早,0.1658031088082903,0.06476683937823835,-0.10103626943005195
601606.SSE,长城军工,yang4,2025-06-30,2,False,0.7880581553801093,1.2873609135652029,0.04578313253012034,40.4535125465358,早,0.06712564543889843,0.018932874354561147,-0.04819277108433728
601858.SSE,中国科传,yang4,2023-04-24,2,False,0.9483936278485008,0.9782630104234104,0.010109289617486361,33.14901047729919,,0.05819672131147535,0.10382513661202175,0.0456284153005464
601872.SSE,招商轮船,yang2,2026-03-02,2,False,1.9964790466104874,1.4951189055255518,0.05823068309070534,27.909475041180265,早,0.052631578947368585,-0.008398656215005573,-0.06103023516237416
601929.SSE,吉视传媒,yang4,2025-08-29,2,False,0.5398611165585231,0.7121169906171517,0.05714285714285716,15.394369769211247,早,0.14065934065934083,0.10549450549450556,-0.03516483516483526
601933.SSE,永辉超市,yang4,2024-10-28,2,False,0.5962677548625827,1.4806548134978694,0.021531100478468845,22.977346278317135,早,0.12440191387559829,0.17464114832535893,0.05023923444976064
603002.SSE,宏昌电子,yin2,2026-06-15,3,True,0.4825634988096693,0.80928814775605,0.037558685446009266,9.900819813105555,早,0.121544079290558,0.23004694835680728,0.10850286906624929
603006.SSE,联明股份,yang2,2023-12-05,2,False,0.5157705579346751,0.5181783768888839,0.07887517146776402,11.724137931034484,,0.17764060356652966,0.019204389574760006,-0.15843621399176966
603011.SSE,合锻智能,yin4,2024-03-14,3,True,1.2236280030495836,0.6604579600761797,0.08721624850657106,8.50401866735806,,0.2102747909199525,0.14336917562724039,-0.0669056152927121
603016.SSE,新宏泰,yang2,2024-10-14,2,False,1.1670702820598293,1.0707434845879085,-0.0029325513196482023,24.124124124124148,午,0.09860703812316718,0.03372434017595305,-0.06488269794721413
603023.SSE,威帝股份,yin2,2025-12-18,2,False,0.9375759364274188,1.834816967148246,-0.003795066413662118,5.865809562073121,早,0.14611005692599632,0.13472485768500975,-0.011385199240986577
603037.SSE,凯众股份,yin2,2023-11-06,3,True,0.4345950007977998,0.73801472050925,0.09981255857544502,11.111111111111116,,0.07310215557638222,0.09653233364573555,0.023430178069353325
603038.SSE,华立股份,yin2,2024-02-29,2,False,0.6741859123550357,1.8736845436850182,0.04370629370629375,11.154294597745839,,0.12762237762237771,0.09440559440559437,-0.03321678321678334
603038.SSE,华立股份,yin4,2024-10-30,2,False,1.137686058644407,0.8735050824792239,0.06060606060606055,42.193709005601555,早,0.11649831649831643,-0.010101010101010166,-0.1265993265993266
603045.SSE,福达合金,yin2,2026-06-15,2,False,0.3823159005814441,1.1334739738343673,0.048034934497816595,0.5557855646304732,早,0.03555832813474735,0.05414847161572034,0.018590143480972987
603061.SSE,金海通,yang2,2024-10-17,2,False,2.654572471683445,1.9436462682769873,0.011693601366443263,9.695458541717695,午,0.1430823807646826,0.12928655892786756,-0.013795821836815048
603061.SSE,金海通,yin2,2026-01-16,2,False,1.163362542080832,1.366066464223087,0.03159507819894536,18.704824272774466,午,0.052643439852165796,0.17695046648938573,0.12430702663721993
603065.SSE,宿迁联盛,yin2,2025-05-26,2,False,1.5901584185311404,5.663849178850591,0.052631578947368585,5.855855855855863,午,0.11534154535274377,0.04815229563269874,-0.06718924972004503
603068.SSE,博通集成,yang2,2025-01-15,2,False,1.1344742506743009,1.9406053308657298,0.015251798561151109,14.978658637461528,早,0.04546762589928055,0.0002877697841725535,-0.045179856115108
603076.SSE,乐惠国际,yin2,2024-04-22,2,False,1.3070862709629614,2.1662235862149855,0.03520309477756278,8.915479902249945,,0.20348162475822051,0.05996131528046411,-0.1435203094777564
603082.SSE,北自科技,yang2,2024-02-23,2,False,1.4140684062559061,0.5880594005724273,0.09989727786337954,19.948250369640206,,0.10426296866974849,0.13045711350796108,0.026194144838212585
603083.SSE,剑桥科技,yin2,2024-01-23,2,False,1.0468676566031825,2.603974422649407,0.044592264104459156,17.9461846922764,,0.05937423010593723,0.10914018231091394,0.049765952204976704
603088.SSE,宁波精达,yin2,2024-12-09,3,True,0.9922135276678887,3.8274812838951293,0.10017889087656529,20.189206622231758,早,0.19856887298747772,0.0894454382826475,-0.10912343470483021
603093.SSE,南华期货,yang2,2024-09-30,2,False,1.4127373365665616,1.0569756182462777,0.0998487140695914,22.83962088831073,午,0.03479576399394846,-0.009833585476550777,-0.044629349470499236
603093.SSE,南华期货,yang2,2025-07-09,3,True,1.5342086006321658,1.204180309513887,-0.006968641114982632,7.991157518461023,中,0.119773519163763,0.08928571428571441,-0.030487804878048586
603095.SSE,越剑智能,yin2,2024-10-24,2,False,1.3820303487675554,2.033916245413256,0.045174537987679564,19.07818326303563,中,0.10882956878850103,0.1498973305954825,0.04106776180698146
603097.SSE,江苏华辰,yin2,2023-06-08,2,False,0.9517369926715554,2.4458018716275514,0.055445544554455495,16.74141199315735,,0.085148514851485,0.00990099009900991,-0.07524752475247509
603098.SSE,森特股份,yang2,2025-08-25,2,False,1.0731199680949175,1.5550023872827725,0.03054989816700604,16.599382569460943,早,0.08893414799728427,-0.008146639511201648,-0.09708078750848592
603106.SSE,恒银科技,yang4,2023-08-24,2,False,1.4710872759775182,1.0194146954665777,-0.009445100354191216,6.9849690539345755,,0.21015348288075542,0.03423848878394331,-0.1759149940968121
603106.SSE,恒银科技,yin2,2023-12-27,2,False,0.7070364388982897,1.1604191345610553,0.02770448548812654,-7.062285434036298,,0.12137203166226906,0.14511873350923477,0.0237467018469657
603108.SSE,润达医疗,yang2,2023-10-27,2,False,1.5748108405895187,0.7665767007736825,0.0725446428571428,9.068776628119313,,0.1439732142857142,0.10044642857142838,-0.04352678571428581
603115.SSE,海星股份,yang2,2026-05-18,2,False,0.7099989354340767,1.0064633574521684,0.03566710700132103,24.341113052307772,早,0.09271045994956162,0.1714903326528161,0.07877987270325448
603115.SSE,海星股份,yin2,2026-06-15,3,True,0.6123104924297808,0.51120120518098,0.044083526682134666,-0.1631551383797336,早,0.17219812367598109,0.15706647836174725,-0.015131645314233833
603118.SSE,共进股份,yin2,2026-08-13,3,True,1.3104597203627835,1.3851361904647121,0.025062656641603898,10.038610038610042,早,0.20676691729323315,0.19110275689223055,-0.015664160401002603
603122.SSE,合富中国,yang4,2025-12-05,2,False,0.6299075291855118,0.24557556318426163,0.09913305691669794,14.565790041887961,早,0.03430079155672816,0.024500565397662877,-0.009800226159065284
603137.SSE,恒尚节能,yin4,2026-07-13,3,True,1.3869153256429319,1.4525068682399367,0.0533469249065579,44.194022537971556,早,0.11722731906218153,0.08902480462113482,-0.02820251444104671
603155.SSE,新亚强,yang2,2026-06-26,2,False,1.0455003642823637,1.6680209194388673,0.026045777426992878,10.102107321312182,午,0.04972375690607733,0.12786108918705597,0.07813733228097863
603178.SSE,圣龙股份,yang4,2023-11-17,4,True,1.1175199568550693,1.1199719216566222,0.06622691292875982,8.121986705845408,,0.18654353562005288,0.2559366754617416,0.06939313984168871
603186.SSE,华正新材,yin2,2026-08-14,2,False,0.4320483696477897,0.23040126355583573,0.10002984183825725,21.87759139910095,早,0.20978812294837357,0.09937332139659794,-0.11041480155177563
603188.SSE,亚邦股份,yin2,2024-04-25,2,False,1.3163356536177278,2.439914333306893,0.030888030888030826,7.113316790736124,,0.015444015444015413,0.04633204633204646,0.03088803088803105
603188.SSE,亚邦股份,yang2,2025-04-11,2,False,0.34180423624005146,1.213919788912369,0.05483028720626626,3.4855444474466424,早,0.13054830287206265,0.07571801566579639,-0.05483028720626626
603219.SSE,富佳股份,yin4,2023-11-17,2,False,2.631286698739863,2.7635478506461535,-0.017064846416382284,8.054285292816065,,0.12286689419795205,0.05529010238907861,-0.06757679180887344
603222.SSE,济民健康,yin4,2025-08-27,2,False,0.9109493379463537,1.072668039329858,-0.03386454183266929,0.22960966357192802,尾,0.10856573705179295,0.14741035856573714,0.03884462151394419
603256.SSE,宏和科技,yin2,2024-03-25,2,False,2.125523211191379,2.8302205623811587,0.045751633986928164,9.945386605346362,,0.1986928104575163,-0.0091503267973857,-0.207843137254902
603256.SSE,宏和科技,yin2,2025-07-31,2,False,1.5589055896135675,0.6133921437336805,-0.027187765505522488,7.097361237488631,早,0.062022090059473234,0.14528462192013603,0.08326253186066279
603256.SSE,宏和科技,yin2,2025-08-13,3,True,0.906003035456099,0.6528899975934328,0.08176795580110507,6.541615979280291,中,0.11933701657458573,0.30755064456721914,0.18821362799263341
603256.SSE,宏和科技,yang2,2026-02-11,2,False,0.5843042608152316,0.6857922678935805,0.04999249361957658,18.55477440598028,早,0.10088575288995649,0.07491367662513126,-0.025972076264825228
603278.SSE,大业股份,yin2,2025-12-24,6,True,2.5947809988857764,3.6145099555600386,0.009451795841209698,8.224222585924723,早,0.20982986767485823,0.5217391304347827,0.3119092627599245
603301.SSE,振德医疗,yang2,2025-10-09,2,False,0.8661550591761166,2.257696525276932,0.034093122930060504,19.469335505644136,早,-0.008377167348529113,0.1774790570816287,0.1858562244301578
603311.SSE,金海高科,yang2,2024-04-30,2,False,2.0581441682513666,3.170042364989313,0.09999999999999987,11.668185961713773,,0.09999999999999987,0.03367346938775517,-0.0663265306122447
603315.SSE,福鞍股份,yin2,2025-03-17,4,True,1.9373340480091275,0.35546466858049247,0.10034364261168394,9.861069163394752,尾,0.21030927835051538,0.19793814432989687,-0.012371134020618513
603322.SSE,超讯科技,yang2,2023-04-25,2,False,1.1526983817320193,0.953481525662201,0.04772557792692034,22.499314880789267,,0.0741983594332587,0.014914243102162494,-0.059284116331096204
603324.SSE,盛剑科技,yang2,2026-06-17,2,False,1.2610699913642704,1.4371557257664576,0.0005104645227158588,19.542334096109837,中,0.12200102092904541,0.06687085247575286,-0.05513016845329255
603327.SSE,福蓉科技,yang4,2024-03-18,3,True,0.8682239693346336,1.0747967479674796,0.05014245014245011,6.732348111658459,,0.10256410256410264,0.11794871794871797,0.01538461538461533
603332.SSE,苏州龙杰,yang2,2024-01-02,2,False,0.7160607759958729,0.3290889132821076,0.06582077716098333,10.285114570578969,,0.13005551149881045,-0.010309278350515427,-0.14036478984932588
603332.SSE,苏州龙杰,yin4,2025-06-09,3,True,0.9574351259731338,1.1874120310874487,0.06051344743276288,-6.257162502864999,中,0.21026894865525692,0.18276283618581912,-0.027506112469437793
603357.SSE,设计总院,yang2,2024-04-17,2,False,2.5721722418706623,4.189241720356103,0.04947668886774492,7.409299948901382,,0.026641294005708804,0.14747859181731693,0.12083729781160812
603363.SSE,傲农生物,yang4,2024-03-19,3,True,1.7686553225268975,1.4762886363517103,0.003937007874015741,20.17979654601374,,0.1279527559055118,0.11023622047244097,-0.017716535433070835
603366.SSE,日出东方,yin4,2024-11-20,2,False,1.5426398371166328,0.4901202060534813,0.10016835016835013,36.1448544579418,中,0.1144781144781144,0.19865319865319853,0.08417508417508412
603367.SSE,辰欣药业,yang2,2025-07-28,3,True,0.539219222211646,0.3239123781951016,0.06067034365719137,25.706666666666678,中,0.21001272804412396,0.2732286805260926,0.06321595248196865
603386.SSE,骏亚科技,yin2,2024-06-25,2,False,2.532546911444107,2.992919744566837,0.051038062283736974,6.878698224852076,,0.03806228373702414,0.06314878892733544,0.025086505190311303
603386.SSE,骏亚科技,yang2,2024-07-10,2,False,1.35362780782979,1.692264392835205,0.01725554642563698,5.304144674223421,,0.11832374691865244,0.06409202958093663,-0.05423171733771581
603389.SSE,亚振家居,yin2,2024-03-22,5,True,0.6954222760361846,1.6809155353429182,0.09397163120567376,11.484483099426757,,0.2092198581560285,0.3173758865248226,0.10815602836879412
603389.SSE,亚振家居,yin4,2024-06-13,2,False,1.5205977736284417,1.9972782200604204,-0.002012072434607548,6.675252200042925,,0.086519114688129,0.010060362173038184,-0.07645875251509082
603390.SSE,通达电气,yin2,2025-05-26,4,True,1.2971921531902029,1.866620365418622,0.012888551933282866,17.44279227139167,早,0.2100075815011373,0.3646702047005308,0.1546626231993935
603458.SSE,勘设股份,yin2,2024-08-09,4,True,1.328837400874856,3.358663901864512,0.078125,3.7837837837837895,,0.078125,0.2552083333333335,0.17708333333333348
603488.SSE,展鹏科技,yin2,2026-01-12,2,False,1.6715064466417686,1.6521847699614192,-0.009372071227741308,24.79532163742688,中,0.07778819119025315,0.08716026241799435,0.009372071227741197
603496.SSE,恒为科技,yin2,2023-09-27,3,True,1.6392078735104725,0.32946015346275914,0.09467455621301779,30.0437647285144,,0.2096893491124261,0.172707100591716,-0.03698224852071008
603508.SSE,思维列控,yang2,2024-03-07,2,False,1.2256613994366057,1.4922709799034888,-0.04185577407967722,23.251911243706846,,0.1260716086737268,0.14220877458396375,0.01613716591023695
603533.SSE,掌阅科技,yang2,2024-03-11,3,True,0.9738447289061242,1.5423429171175649,0.026724975704567555,11.081124844821066,,0.143343051506317,0.1268221574344024,-0.016520894071914594
603538.SSE,美诺华,yang2,2025-07-02,2,False,1.8593495779609786,1.2645154323607692,-0.006471095772217383,16.114812402945432,早,0.175150992234685,0.09792924935289049,-0.07722174288179451
603580.SSE,艾艾精工,yang4,2026-07-28,2,False,1.1316651280884913,1.1482854085724377,0.03814041745730545,22.918318794607462,中,0.04743833017077792,0.06641366223908918,0.018975332068311257
603580.SSE,艾艾精工,yin2,2026-08-17,2,False,0.7310016645878783,0.6451822382631996,0.030068728522336663,4.906449403367108,早,0.11683848797250862,0.16821305841924383,0.05137457044673521
603598.SSE,引力传媒,yang4,2023-12-01,2,False,0.9179395430513213,1.0155235733105672,0.09642207398423297,2.238204476408967,,0.14918132201334156,0.041843541540327545,-0.10733778047301401
603598.SSE,引力传媒,yin4,2023-12-13,3,True,0.568107850450601,0.3101031989130755,0.03511931562359294,22.53793103448276,,0.1314723097703736,0.22782530391715428,0.09635299414678067
603601.SSE,再升科技,yang2,2026-03-25,2,False,0.6531348454914014,2.897455922200771,0.09983633387888702,5.9476330847927805,早,0.0556464811783961,0.07855973813420625,0.022913256955810146
603608.SSE,天创时尚,yang2,2026-01-21,2,False,0.49059894551933364,2.6885949676854564,0.0009132420091324533,12.204119274515811,早,0.12328767123287676,0.09223744292237468,-0.03105022831050208
603618.SSE,杭电股份,yang2,2026-04-22,2,False,0.8396696465709079,1.1667398562139066,0.010858143607705761,16.616289518830165,早,0.10893169877408049,0.07040280210157612,-0.038528896672504365
603618.SSE,杭电股份,yin2,2026-05-06,3,True,0.2802470169074576,0.6204807556746088,0.04921196526214211,7.151473375840056,早,0.10903827597298155,0.19974268253457694,0.0907044065615954
603626.SSE,科森科技,yin4,2025-09-16,3,True,1.0917883098467098,0.711381625775026,0.03280929596719062,-1.4150943396226245,早,0.1715652768284348,0.08885850991114141,-0.0827067669172934
603629.SSE,利通电子,yin2,2026-02-27,2,False,1.1263146073009584,1.3774767423691907,-0.02922077922077926,7.502388125505188,中,0.055023923444976086,-0.0071770334928229484,-0.062200956937799035
603629.SSE,利通电子,yin2,2026-08-04,2,False,0.41251702948294355,0.890132905322085,0.06971975393028029,-1.7169070720448376,早,0.09667024704618687,0.19636754223220398,0.09969729518601711
603636.SSE,南威软件,yang2,2025-02-13,2,False,0.6822109154120566,0.7033237812366626,0.04996989765201687,20.54575803759342,中,0.19987959060806748,0.01625526791089693,-0.18362432269717055
603660.SSE,苏州科达,yang2,2024-03-01,2,False,1.1274230542980515,1.7331202272877513,0.05844155844155852,17.11026615969582,,0.032467532467532534,0.07532467532467524,0.042857142857142705
603662.SSE,柯力传感,yin2,2024-11-19,2,False,1.3687561590785537,0.8676354241629157,0.056227758007117545,3.2253324516934745,尾,0.1055753262158956,0.08659549228944252,-0.018979833926453082
603662.SSE,柯力传感,yang2,2024-12-09,2,False,1.029843926273515,0.526021155592195,0.03240867893435895,31.24031287171536,早,0.13979675913210676,0.1630046690469651,0.023207909914858327
603663.SSE,三祥新材,yin2,2026-06-18,2,False,0.7325171685549398,1.14585852646764,0.049948565550348656,17.318136104592675,早,0.14298777003086083,0.15521773917019077,0.012229969139329944
603667.SSE,五洲新春,yang4,2024-12-12,2,False,1.0073375531651565,1.0003353256822045,0.04840210983555693,24.52188695282618,中,0.05491777846726653,-0.009928637914985883,-0.06484641638225241
603667.SSE,五洲新春,yang2,2025-01-09,2,False,1.4938773321895775,0.8242379789071094,0.09373894587902387,10.360712054965626,午,0.19596745666784576,0.11071807569862036,-0.08524938096922541
603667.SSE,五洲新春,yin2,2025-01-14,2,False,1.1064050880639331,0.21144185270881538,0.09988419224088019,26.826760666813556,早,0.14360162130862775,0.1667631731325998,0.02316155182397206
603678.SSE,火炬电子,yin2,2026-06-24,2,False,0.3440301863939766,0.3515457630225273,0.05900439238652999,6.5439513298494845,早,0.09224011713030733,0.16383601756954613,0.0715959004392388
603679.SSE,华体科技,yin2,2024-11-04,3,True,0.678939672716341,0.5769019081698257,0.03578154425612046,5.643610318986658,早,0.2096672944130571,0.22284996861268058,0.01318267419962349
603682.SSE,锦和商管,yang2,2024-12-31,2,False,0.7798594250768316,0.30458699754554314,0.053475935828877,22.002935899527,早,0.17647058823529416,-0.009358288770053513,-0.18582887700534767
603688.SSE,石英股份,yang2,2025-04-09,3,True,1.3568845254431172,1.427209912705548,0.03595890410958891,9.912170639899621,早,0.19777397260273966,0.1952054794520548,-0.0025684931506848585
603693.SSE,江苏新能,yin2,2025-03-31,2,False,0.970474990722259,1.0614103886319144,0.0,6.56019234071783,尾,0.08944399677679282,0.08783239323126502,-0.0016116035455278066
603716.SSE,塞力医疗,yin2,2024-07-29,2,False,1.0920003071087507,1.964540565418491,0.0046224961479197635,12.497833246663204,,0.02311248073959926,0.05084745762711873,0.02773497688751947
603716.SSE,塞力医疗,yin2,2024-11-25,2,False,0.29013042971593345,2.114225654183016,0.09966777408637872,4.610750695088051,早,0.09634551495016619,0.03765227021040962,-0.05869324473975657
603716.SSE,塞力医疗,yin2,2025-02-14,2,False,0.41902673403809654,0.0863976086658223,0.10000000000000009,14.711447492904451,早,0.20927835051546406,0.14020618556701048,-0.06907216494845358
603721.SSE,中广天择,yang2,2024-03-04,2,False,1.0571514507263933,1.0597318208907853,0.036751194413818355,12.321981424148598,,0.10988607129731709,0.11282616685042268,0.002940095553105593
603767.SSE,中马传动,yin4,2023-07-19,2,False,1.1327361803925857,1.0161786860868869,0.03008021390374327,11.177170035671825,,0.12633689839572204,-0.010026737967914423,-0.13636363636363646
603773.SSE,沃格光电,yin2,2026-04-17,2,False,0.7977901648623374,0.37416548101127284,0.06994328922495274,24.614261148147264,早,0.13421550094517953,0.1060491493383744,-0.02816635160680514
603778.SSE,国晟科技,yang2,2025-11-10,5,True,0.5832592120163873,0.10888044872108617,0.09982788296041312,17.802108678021078,早,0.20998278829604144,0.3597246127366611,0.14974182444061968
603778.SSE,国晟科技,yang4,2025-11-27,3,True,0.4214055947873846,0.9437455293753402,0.012333965844402384,22.486926205694346,早,0.1252371916508539,0.24383301707779892,0.11859582542694502
603811.SSE,诚意药业,yin2,2025-07-14,2,False,0.7721404165119591,3.5163964153995333,0.021758839528558394,6.7143962848297045,早,0.1260199456029012,0.15049864007252944,0.024478694469628248
603811.SSE,诚意药业,yin2,2025-08-04,2,False,1.599816893361139,1.9543476646524982,0.0832713754646841,10.4359963872239,早,0.15018587360594804,0.1598513011152416,0.009665427509293556
603823.SSE,百合花,yin2,2026-08-17,2,False,0.5852117165656919,0.5851947686732348,0.04878985785631973,12.356478950246053,早,0.16532206428479945,0.06633371750544237,-0.09898834677935708
603839.SSE,安正时尚,yin2,2025-05-15,2,False,1.4204358151519432,4.574087531251893,0.030927835051546282,13.053613053613056,午,0.048600883652430094,0.038291605301914444,-0.01030927835051565
603859.SSE,能科科技,yang2,2024-11-01,4,True,2.6503140950525337,0.7645519148434292,0.06978798586572421,12.53044385903872,早,0.2098056537102473,0.37853356890459366,0.16872791519434638
603893.SSE,瑞芯微,yang2,2024-10-18,2,False,1.2810668339194649,1.562228098721686,0.026576936238165816,17.158893491914995,午,0.09501539865404363,0.04710847496292914,-0.04790692369111449
603893.SSE,瑞芯微,yang2,2025-01-07,2,False,0.9732478335895289,1.3975813708125147,0.01965146459028544,0.028743891922955456,中,0.14701520207638108,0.19280682239525415,0.04579162031887307
603900.SSE,莱绅通灵,yin2,2024-07-16,2,False,1.1327069315202238,1.8777789491308905,0.06172839506172845,2.6832875554616775,,0.06172839506172845,0.028806584362139898,-0.03292181069958855
603900.SSE,莱绅通灵,yang2,2025-05-20,3,True,0.6668696613107477,1.7336218614523946,0.07874015748031482,14.887567846988903,早,0.1439820022497187,0.2879640044994374,0.1439820022497187
603906.SSE,龙蟠科技,yang2,2025-06-24,2,False,1.034275737382437,1.5808149338397979,0.04268292682926833,3.4555267400294465,午,0.11788617886178865,0.06571815718157192,-0.052168021680216725
603918.SSE,金桥信息,yin2,2023-05-17,3,True,0.6887477141517762,1.2134379532647648,0.021523178807947074,4.000459163175107,,0.12141280353200878,0.19205298013245042,0.07064017660044164
603929.SSE,亚翔集成,yin2,2025-12-22,2,False,0.934422730521339,1.364474204553833,0.03595368677635591,12.799010173219694,午,0.12299410928295762,0.08968108876701208,-0.033313020515945535
603929.SSE,亚翔集成,yang2,2026-01-05,2,False,0.5361319709466946,0.6798783289529305,0.03664921465968596,5.252084001282453,早,0.12651118514992876,0.11756306520704429,-0.00894811994288447
603929.SSE,亚翔集成,yang2,2026-06-24,2,False,0.6701885467122963,0.2918772582881221,0.10000862515094022,5.325314776794632,早,0.1040193203381059,0.124935311367949,0.020915991029843095
603958.SSE,哈森股份,yin2,2026-08-20,3,True,1.9787114320547687,1.344150553272764,0.07066381156316925,16.662503122658002,早,0.15149892933618858,0.1916488222698074,0.040149892933618814
603978.SSE,深圳新星,yang2,2024-10-21,2,False,1.5867990678054427,1.1639402898908437,-0.005298013245033095,6.993552044214546,早,0.10397350993377508,0.13973509933774841,0.03576158940397334
603980.SSE,吉华集团,yin2,2025-06-09,2,False,3.6499453461181908,5.121794007191664,0.050000000000000044,8.310768589877116,午,0.09999999999999987,0.05769230769230771,-0.04230769230769216
603985.SSE,恒润股份,yin4,2023-11-06,2,False,1.1023016967815193,0.7049946660103243,0.0,4.351606113297346,,0.20412190309142741,0.04121903091427326,-0.16290287217715416
603988.SSE,中电电机,yin2,2026-08-05,2,False,1.2060806300187132,1.09095900240267,0.06537530266343827,11.33275824886779,尾,0.06585956416464911,0.08571428571428585,0.019854721549636745
603989.SSE,艾华集团,yang2,2026-06-16,4,True,0.8505630172296839,0.6743418059251116,0.0,6.531664440786389,午,0.16793002915451916,0.2950437317784258,0.12711370262390664
603989.SSE,艾华集团,yin4,2026-06-24,2,False,0.7869406361908418,0.43623471289852755,0.08493655341792872,30.568397423906358,早,0.10192386410151455,0.14613180515759305,0.044207941056078504
605005.SSE,合兴股份,yin2,2025-06-03,2,False,2.1090042342777573,0.24170117284337103,0.10004547521600737,24.53984255536048,早,0.21009549795361537,0.03683492496589369,-0.17326057298772168
605011.SSE,杭州热电,yang4,2023-05-19,5,True,1.5540115756043964,0.9735989699025578,-0.03992172211350287,36.81392235609102,,0.12720156555772988,0.5064579256360078,0.3792563600782779
605069.SSE,正和生态,yang2,2025-03-24,3,True,1.7476459328526635,1.3154950189848984,0.06466729147141503,5.112796768791261,尾,0.06841611996251173,0.08903467666354259,0.020618556701030855
605099.SSE,共创草坪,yang4,2025-06-09,2,False,1.4809371091451438,1.3469019976190215,0.10004977600796416,39.84894364971632,早,0.1575410652065703,0.11075161772025899,-0.04678944748631131
605122.SSE,四方新材,yin4,2025-07-21,2,False,1.0509499357142016,1.0825973439740906,0.04201680672268915,-1.5026104673373175,早,0.1635423400129281,-0.007756948933419605,-0.17129928894634772
605138.SSE,盛泰集团,yin2,2025-05-13,3,True,1.585282421341456,3.0712668004054575,0.049857549857549976,12.952534191472242,早,0.1253561253561255,0.11965811965811968,-0.005698005698005826
605151.SSE,西上海,yang2,2025-06-30,3,True,1.414120311088946,0.39305811432367055,0.10000000000000009,9.983559158682453,早,0.2097938144329896,0.08865979381443312,-0.12113402061855649
605162.SSE,新中港,yin2,2023-06-21,2,False,3.210637156797342,2.895453347552156,0.019436345966958424,8.64745011086474,,0.12730806608357637,0.14577259475218662,0.01846452866861026
605169.SSE,洪通燃气,yin4,2025-08-12,2,False,1.7714148331182287,1.0940077420739198,0.04952698942682243,29.644325806218895,早,0.16638842515303298,-0.01001669449081799,-0.17640511964385097
605178.SSE,时空科技,yin4,2024-07-16,2,False,1.5010731048713228,2.418448948703033,0.07044410413476254,5.937702790395849,,0.03369065849923425,-0.009954058192955695,-0.043644716692189944
605179.SSE,一鸣食品,yang4,2026-08-10,4,True,0.7821955091857564,1.0897749927302924,0.023885350318471277,23.43980343980343,早,0.1066878980891719,0.2703025477707006,0.16361464968152872
605179.SSE,一鸣食品,yin4,2026-08-17,2,False,0.9618556095790615,1.241460410888329,0.0,28.519644099447117,早,-0.009971509971509973,-0.009971509971509973,0.0
605188.SSE,国光连锁,yang4,2025-05-16,2,False,1.5066061844953074,1.4022349884141874,0.02554470323065372,18.332147937411115,尾,0.12246431254695711,0.07287753568745292,-0.04958677685950419
605208.SSE,永茂泰,yang2,2025-03-06,2,False,0.5120607065152131,0.9488884935208414,-0.019607843137254832,27.08018154311651,早,0.11344537815126055,0.15756302521008414,0.044117647058823595
605255.SSE,天普股份,yang2,2025-12-29,2,False,0.7750795531788188,0.3146459210584288,0.04944500504540872,23.951695111350134,早,-0.009989909182643752,-0.009989909182643752,0.0
605303.SSE,园林股份,yang4,2025-09-12,2,False,3.124883208891561,3.1076493943025794,0.0023419203747074846,5.791266646020432,尾,0.10362997658079642,0.10889929742388782,0.005269320843091396
605358.SSE,立昂微,yin2,2026-01-05,2,False,1.7818801325102136,1.4679465458024734,0.03394255874673635,5.80110497237567,中,0.14099216710182794,0.08355091383812008,-0.05744125326370786
605577.SSE,龙版传媒,yin2,2023-10-13,2,False,1.0908643255601917,2.9008360603574856,0.0,14.635251472587218,,0.011857707509881354,-0.006324110671936722,-0.018181818181818077
605588.SSE,冠石科技,yin4,2023-09-28,3,True,0.8589713517070446,1.4690121280693205,0.04688493324856968,2.845747723892189,,0.09631277813096006,0.15368722186904016,0.057374443738080094
605598.SSE,上海港湾,yang2,2025-08-07,3,True,3.4495477689498553,0.551988392427283,0.05103189493433402,13.913229322504783,午,0.21013133208255175,0.08930581613508459,-0.12082551594746715
