vt_symbol,trade_date,open_price,high_price,low_price,close_price,volume,turnover_rate,买入日,N
605179.SSE,2024-08-21,8.75,8.81,8.66,8.7,11243.0,0.28,2024-11-29,3
605179.SSE,2024-08-22,8.86,9.0,8.56,8.59,20325.0,0.51,2024-11-29,3
605179.SSE,2024-08-23,8.59,8.62,8.43,8.54,15849.0,0.4,2024-11-29,3
605179.SSE,2024-08-26,8.53,8.72,8.5,8.67,14341.0,0.36,2024-11-29,3
605179.SSE,2024-08-27,8.67,8.75,8.57,8.59,12465.0,0.31,2024-11-29,3
605179.SSE,2024-08-28,8.5,8.69,8.43,8.65,11062.0,0.28,2024-11-29,3
605179.SSE,2024-08-29,8.65,8.73,8.5,8.72,14567.0,0.36,2024-11-29,3
605179.SSE,2024-08-30,8.79,9.06,8.65,8.91,29597.0,0.74,2024-11-29,3
605179.SSE,2024-09-02,8.86,8.93,8.74,8.75,17131.0,0.43,2024-11-29,3
605179.SSE,2024-09-03,8.69,8.88,8.67,8.86,12931.0,0.32,2024-11-29,3
605179.SSE,2024-09-04,8.87,8.92,8.72,8.74,12244.0,0.31,2024-11-29,3
605179.SSE,2024-09-05,8.77,8.93,8.7,8.9,16504.0,0.41,2024-11-29,3
605179.SSE,2024-09-06,8.93,8.95,8.71,8.72,13337.0,0.33,2024-11-29,3
605179.SSE,2024-09-09,8.63,8.86,8.57,8.8,13563.0,0.34,2024-11-29,3
605179.SSE,2024-09-10,8.74,8.83,8.66,8.78,13698.0,0.34,2024-11-29,3
605179.SSE,2024-09-11,8.76,8.82,8.65,8.67,9678.0,0.24,2024-11-29,3
605179.SSE,2024-09-12,8.77,8.77,8.54,8.54,10472.0,0.26,2024-11-29,3
605179.SSE,2024-09-13,8.58,8.58,8.34,8.34,14455.0,0.36,2024-11-29,3
605179.SSE,2024-09-18,8.34,8.35,8.14,8.28,15279.0,0.38,2024-11-29,3
605179.SSE,2024-09-19,8.28,8.73,8.28,8.69,26237.0,0.65,2024-11-29,3
605179.SSE,2024-09-20,8.64,8.74,8.59,8.66,14962.0,0.37,2024-11-29,3
605179.SSE,2024-09-23,8.66,8.71,8.57,8.58,11358.0,0.28,2024-11-29,3
605179.SSE,2024-09-24,8.63,9.06,8.62,8.95,34140.0,0.85,2024-11-29,3
605179.SSE,2024-09-25,8.96,9.16,8.94,8.95,35337.0,0.88,2024-11-29,3
605179.SSE,2024-09-26,8.99,9.52,8.91,9.48,47327.0,1.18,2024-11-29,3
605179.SSE,2024-09-27,10.03,10.26,9.71,9.94,63722.0,1.59,2024-11-29,3
605179.SSE,2024-09-30,10.33,10.79,9.95,10.69,100642.0,2.51,2024-11-29,3
605179.SSE,2024-10-08,11.7,11.76,10.4,10.95,112830.0,2.81,2024-11-29,3
605179.SSE,2024-10-09,10.72,10.72,9.86,9.86,73426.0,1.83,2024-11-29,3
605179.SSE,2024-10-10,9.76,10.12,9.41,9.84,65332.0,1.63,2024-11-29,3
605179.SSE,2024-10-11,9.78,10.05,9.53,9.62,47576.0,1.19,2024-11-29,3
605179.SSE,2024-10-14,9.56,9.85,9.45,9.8,35591.0,0.89,2024-11-29,3
605179.SSE,2024-10-15,9.71,9.88,9.58,9.59,26747.0,0.67,2024-11-29,3
605179.SSE,2024-10-16,9.56,9.7,9.46,9.57,27284.0,0.68,2024-11-29,3
605179.SSE,2024-10-17,9.64,9.67,9.43,9.45,19016.0,0.47,2024-11-29,3
605179.SSE,2024-10-18,9.42,9.65,9.4,9.5,44561.0,1.11,2024-11-29,3
605179.SSE,2024-10-21,9.53,9.75,9.46,9.7,43152.0,1.08,2024-11-29,3
605179.SSE,2024-10-22,9.92,10.08,9.72,9.96,48241.0,1.2,2024-11-29,3
605179.SSE,2024-10-23,9.9,10.04,9.84,9.94,37999.0,0.95,2024-11-29,3
605179.SSE,2024-10-24,9.93,9.99,9.8,9.87,33652.0,0.84,2024-11-29,3
605179.SSE,2024-10-25,9.95,10.0,9.88,9.99,34496.0,0.86,2024-11-29,3
605179.SSE,2024-10-28,9.91,10.3,9.91,10.28,46004.0,1.15,2024-11-29,3
605179.SSE,2024-10-29,10.35,10.46,9.99,10.01,37837.0,0.94,2024-11-29,3
605179.SSE,2024-10-30,10.02,10.08,9.82,9.95,27477.0,0.69,2024-11-29,3
605179.SSE,2024-10-31,9.87,10.0,9.87,9.97,29016.0,0.72,2024-11-29,3
605179.SSE,2024-11-01,9.97,10.88,9.82,10.26,95891.0,2.39,2024-11-29,3
605179.SSE,2024-11-04,10.15,10.73,10.03,10.6,118408.0,2.95,2024-11-29,3
605179.SSE,2024-11-05,10.6,10.86,10.32,10.64,103564.0,2.58,2024-11-29,3
605179.SSE,2024-11-06,10.68,10.76,10.5,10.67,77746.0,1.94,2024-11-29,3
605179.SSE,2024-11-07,10.68,11.24,10.66,11.24,145228.0,3.62,2024-11-29,3
605179.SSE,2024-11-08,11.38,11.38,10.69,10.76,118043.0,2.94,2024-11-29,3
605179.SSE,2024-11-11,10.52,10.64,10.41,10.63,64026.0,1.6,2024-11-29,3
605179.SSE,2024-11-12,10.6,10.76,10.48,10.59,56491.0,1.41,2024-11-29,3
605179.SSE,2024-11-13,10.57,10.63,10.32,10.55,38499.0,0.96,2024-11-29,3
605179.SSE,2024-11-14,10.55,10.55,10.25,10.26,28524.0,0.71,2024-11-29,3
605179.SSE,2024-11-15,10.28,10.5,10.24,10.28,36385.0,0.91,2024-11-29,3
605179.SSE,2024-11-18,10.25,10.4,9.9,9.99,31198.0,0.78,2024-11-29,3
605179.SSE,2024-11-19,9.99,10.15,9.91,10.12,27851.0,0.69,2024-11-29,3
605179.SSE,2024-11-20,10.21,10.3,10.14,10.26,32823.0,0.82,2024-11-29,3
605179.SSE,2024-11-21,10.24,10.41,10.12,10.23,27849.0,0.69,2024-11-29,3
605179.SSE,2024-11-22,10.18,10.23,9.76,9.79,36613.0,0.91,2024-11-29,3
605179.SSE,2024-11-25,9.83,10.11,9.83,10.11,31032.0,0.77,2024-11-29,3
605179.SSE,2024-11-26,10.07,11.12,10.06,11.12,90956.0,2.27,2024-11-29,3
605179.SSE,2024-11-27,11.22,12.23,10.77,12.23,345704.0,8.62,2024-11-29,3
605179.SSE,2024-11-28,11.88,13.45,11.62,13.45,371030.0,9.25,2024-11-29,3
605179.SSE,2024-11-29,13.1,14.8,12.8,14.8,324386.0,8.09,2024-11-29,3
605179.SSE,2024-12-02,15.55,16.28,15.33,16.28,299858.0,7.48,2024-11-29,3
605179.SSE,2024-12-03,16.32,17.91,16.32,17.91,193491.0,4.83,2024-11-29,3
605179.SSE,2024-12-04,18.0,19.7,17.91,19.7,205235.0,5.12,2024-11-29,3
605179.SSE,2024-12-05,21.67,21.67,20.2,21.67,446356.0,11.13,2024-11-29,3
605179.SSE,2024-12-06,20.19,23.84,20.19,23.84,199175.0,4.97,2024-11-29,3
605179.SSE,2024-12-09,25.46,26.22,25.03,26.22,187122.0,4.67,2024-11-29,3
605179.SSE,2024-12-10,28.84,28.84,28.84,28.84,19514.0,0.49,2024-11-29,3
605179.SSE,2024-12-11,28.84,31.72,26.01,31.72,369954.0,9.23,2024-11-29,3
605179.SSE,2024-12-12,31.7,34.42,28.89,30.49,530428.0,13.23,2024-11-29,3
605179.SSE,2024-12-13,27.44,27.95,27.44,27.44,71763.0,1.79,2024-11-29,3
605179.SSE,2024-12-16,24.7,29.91,24.7,29.38,478249.0,11.93,2024-11-29,3
605179.SSE,2024-12-17,26.44,26.44,26.44,26.44,54423.0,1.36,2024-11-29,3
605179.SSE,2024-12-18,23.8,24.85,23.8,23.8,292894.0,7.3,2024-11-29,3
605179.SSE,2024-12-19,22.88,23.5,21.66,21.86,291666.0,7.27,2024-11-29,3
605179.SSE,2024-12-20,22.22,22.47,21.85,22.21,212052.0,5.29,2024-11-29,3
605179.SSE,2024-12-23,22.33,22.69,20.46,21.09,213312.0,5.32,2024-11-29,3
605179.SSE,2024-12-24,21.03,21.93,21.03,21.8,166211.0,4.14,2024-11-29,3
002583.SZSE,2024-07-15,4.15,4.19,4.07,4.11,353126.0,2.75,2024-10-23,3
002583.SZSE,2024-07-16,4.12,4.18,4.07,4.15,348871.0,2.72,2024-10-23,3
002583.SZSE,2024-07-17,4.16,4.18,4.05,4.06,314002.0,2.45,2024-10-23,3
002583.SZSE,2024-07-18,4.03,4.05,3.86,3.97,392411.0,3.06,2024-10-23,3
002583.SZSE,2024-07-19,3.96,4.0,3.91,3.96,248262.0,1.94,2024-10-23,3
002583.SZSE,2024-07-22,3.94,4.0,3.9,3.95,261079.0,2.04,2024-10-23,3
002583.SZSE,2024-07-23,3.95,3.99,3.86,3.88,303012.0,2.36,2024-10-23,3
002583.SZSE,2024-07-24,3.84,3.92,3.81,3.83,274437.0,2.14,2024-10-23,3
002583.SZSE,2024-07-25,3.79,3.85,3.71,3.8,268600.0,2.1,2024-10-23,3
002583.SZSE,2024-07-26,3.8,3.91,3.79,3.9,275640.0,2.15,2024-10-23,3
002583.SZSE,2024-07-29,3.92,3.96,3.85,3.92,220287.0,1.72,2024-10-23,3
002583.SZSE,2024-07-30,3.93,4.06,3.9,4.04,337293.0,2.63,2024-10-23,3
002583.SZSE,2024-07-31,4.08,4.18,4.01,4.17,391342.0,3.05,2024-10-23,3
002583.SZSE,2024-08-01,4.14,4.22,4.13,4.16,339975.0,2.65,2024-10-23,3
002583.SZSE,2024-08-02,4.14,4.18,4.04,4.05,307846.0,2.4,2024-10-23,3
002583.SZSE,2024-08-05,4.04,4.07,3.87,3.88,397560.0,3.1,2024-10-23,3
002583.SZSE,2024-08-06,3.91,3.95,3.88,3.94,298771.0,2.33,2024-10-23,3
002583.SZSE,2024-08-07,4.02,4.12,3.94,4.07,608724.0,4.75,2024-10-23,3
002583.SZSE,2024-08-08,4.06,4.07,3.93,3.97,441281.0,3.44,2024-10-23,3
002583.SZSE,2024-08-09,3.99,4.03,3.95,3.95,264663.0,2.06,2024-10-23,3
002583.SZSE,2024-08-12,3.95,3.95,3.85,3.88,284124.0,2.22,2024-10-23,3
002583.SZSE,2024-08-13,3.86,3.93,3.85,3.92,213086.0,1.66,2024-10-23,3
002583.SZSE,2024-08-14,3.93,3.96,3.88,3.89,357160.0,2.79,2024-10-23,3
002583.SZSE,2024-08-15,3.89,4.04,3.84,3.98,430453.0,3.36,2024-10-23,3
002583.SZSE,2024-08-16,3.98,4.02,3.97,3.99,268432.0,2.09,2024-10-23,3
002583.SZSE,2024-08-19,4.01,4.07,3.96,4.03,275308.0,2.15,2024-10-23,3
002583.SZSE,2024-08-20,4.04,4.05,3.9,3.91,290716.0,2.27,2024-10-23,3
002583.SZSE,2024-08-21,3.88,3.94,3.83,3.85,279829.0,2.18,2024-10-23,3
002583.SZSE,2024-08-22,3.87,3.92,3.79,3.8,325537.0,2.54,2024-10-23,3
002583.SZSE,2024-08-23,3.79,3.86,3.76,3.83,247782.0,1.93,2024-10-23,3
002583.SZSE,2024-08-26,3.82,3.88,3.75,3.86,222529.0,1.74,2024-10-23,3
002583.SZSE,2024-08-27,3.85,3.85,3.73,3.75,271453.0,2.12,2024-10-23,3
002583.SZSE,2024-08-28,3.73,3.81,3.7,3.77,217974.0,1.7,2024-10-23,3
002583.SZSE,2024-08-29,3.75,3.89,3.73,3.87,292979.0,2.28,2024-10-23,3
002583.SZSE,2024-08-30,3.85,4.03,3.85,3.97,468360.0,3.65,2024-10-23,3
002583.SZSE,2024-09-02,3.96,3.99,3.85,3.86,300841.0,2.35,2024-10-23,3
002583.SZSE,2024-09-03,3.88,3.92,3.81,3.87,252310.0,1.97,2024-10-23,3
002583.SZSE,2024-09-04,3.85,3.88,3.81,3.83,210767.0,1.64,2024-10-23,3
002583.SZSE,2024-09-05,3.82,3.91,3.82,3.88,198922.0,1.55,2024-10-23,3
002583.SZSE,2024-09-06,3.9,3.9,3.78,3.79,241831.0,1.89,2024-10-23,3
002583.SZSE,2024-09-09,3.78,3.8,3.72,3.76,239427.0,1.87,2024-10-23,3
002583.SZSE,2024-09-10,3.77,3.8,3.66,3.78,364929.0,2.85,2024-10-23,3
002583.SZSE,2024-09-11,3.75,3.76,3.69,3.71,227667.0,1.78,2024-10-23,3
002583.SZSE,2024-09-12,3.72,3.76,3.69,3.69,184967.0,1.44,2024-10-23,3
002583.SZSE,2024-09-13,3.68,3.7,3.63,3.64,207953.0,1.62,2024-10-23,3
002583.SZSE,2024-09-18,3.63,3.64,3.52,3.58,220144.0,1.72,2024-10-23,3
002583.SZSE,2024-09-19,3.81,3.94,3.77,3.94,1185547.0,9.25,2024-10-23,3
002583.SZSE,2024-09-20,4.33,4.33,4.33,4.33,270812.0,2.11,2024-10-23,3
002583.SZSE,2024-09-23,4.76,4.76,4.76,4.76,150241.0,1.17,2024-10-23,3
002583.SZSE,2024-09-24,5.24,5.24,5.24,5.24,118063.0,0.92,2024-10-23,3
002583.SZSE,2024-09-25,5.76,5.76,5.45,5.76,3603460.0,28.1,2024-10-23,3
002583.SZSE,2024-09-26,5.76,6.34,5.49,6.34,3234846.0,25.23,2024-10-23,3
002583.SZSE,2024-09-27,6.78,6.97,5.96,6.06,4875488.0,38.02,2024-10-23,3
002583.SZSE,2024-09-30,6.06,6.67,6.06,6.67,3361781.0,26.22,2024-10-23,3
002583.SZSE,2024-10-08,7.34,7.34,6.8,7.34,3383201.0,26.38,2024-10-23,3
002583.SZSE,2024-10-09,7.47,8.07,7.35,8.07,2432340.0,18.97,2024-10-23,3
002583.SZSE,2024-10-10,8.6,8.85,7.26,7.58,4473395.0,34.89,2024-10-23,3
002583.SZSE,2024-10-11,7.9,8.34,7.9,8.34,3267979.0,25.48,2024-10-23,3
002583.SZSE,2024-10-14,9.17,9.17,7.6,8.76,4502473.0,35.11,2024-10-23,3
002583.SZSE,2024-10-15,8.9,9.64,8.9,9.64,2251488.0,17.56,2024-10-23,3
002583.SZSE,2024-10-16,9.45,10.6,9.3,10.6,3565690.0,27.81,2024-10-23,3
002583.SZSE,2024-10-17,11.3,11.66,9.88,10.86,3961820.0,30.9,2024-10-23,3
002583.SZSE,2024-10-18,11.5,11.95,11.22,11.95,4425485.0,34.51,2024-10-23,3
002583.SZSE,2024-10-21,12.0,13.15,11.95,13.15,2321320.0,18.1,2024-10-23,3
002583.SZSE,2024-10-22,14.0,14.47,13.68,14.47,2607407.0,20.33,2024-10-23,3
002583.SZSE,2024-10-23,15.11,15.92,15.1,15.92,1235027.0,9.63,2024-10-23,3
002583.SZSE,2024-10-24,17.5,17.51,14.84,17.51,4286038.0,33.42,2024-10-23,3
002583.SZSE,2024-10-25,18.79,19.26,18.0,19.26,1667384.0,13.0,2024-10-23,3
002583.SZSE,2024-10-28,21.19,21.19,20.48,21.19,840873.0,6.56,2024-10-23,3
002583.SZSE,2024-10-29,23.31,23.31,23.31,23.31,229786.0,1.79,2024-10-23,3
002583.SZSE,2024-10-30,24.7,25.64,24.03,25.64,714392.0,5.57,2024-10-23,3
002583.SZSE,2024-10-31,28.2,28.2,26.54,28.2,991772.0,7.73,2024-10-23,3
002583.SZSE,2024-11-01,31.0,31.02,25.38,25.38,4148610.0,32.35,2024-10-23,3
002583.SZSE,2024-11-04,22.84,26.15,22.84,22.84,4728994.0,36.87,2024-10-23,3
002583.SZSE,2024-11-05,23.0,23.7,21.27,22.32,4484174.0,34.96,2024-10-23,3
002583.SZSE,2024-11-06,21.51,24.38,21.5,23.23,4660186.0,36.33,2024-10-23,3
002583.SZSE,2024-11-07,21.9,22.22,20.91,20.91,3649930.0,28.46,2024-10-23,3
002583.SZSE,2024-11-08,20.55,21.7,19.86,20.97,3513762.0,27.4,2024-10-23,3
002583.SZSE,2024-11-11,20.68,21.18,20.03,20.95,2605092.0,20.31,2024-10-23,3
002583.SZSE,2024-11-12,20.8,23.0,20.6,22.36,4421002.0,34.47,2024-10-23,3
002583.SZSE,2024-11-13,21.71,22.26,20.66,21.36,2575700.0,20.08,2024-10-23,3
002583.SZSE,2024-11-14,21.13,23.3,21.13,21.35,4027991.0,31.41,2024-10-23,3
002583.SZSE,2024-11-15,20.6,21.33,19.22,19.94,3762862.0,29.34,2024-10-23,3
605033.SSE,2024-09-30,11.55,12.42,11.55,12.31,33576.0,2.48,2025-01-06,2
605033.SSE,2024-10-08,13.54,13.54,12.36,13.01,36587.0,2.71,2025-01-06,2
605033.SSE,2024-10-09,12.78,12.78,11.71,11.78,24542.0,1.82,2025-01-06,2
605033.SSE,2024-10-10,11.88,12.3,11.84,12.11,17132.0,1.27,2025-01-06,2
605033.SSE,2024-10-11,12.03,12.19,11.59,11.67,15078.0,1.12,2025-01-06,2
605033.SSE,2024-10-14,11.75,11.88,11.56,11.84,11813.0,0.87,2025-01-06,2
605033.SSE,2024-10-15,11.82,12.08,11.75,11.76,10143.0,0.75,2025-01-06,2
605033.SSE,2024-10-16,11.75,11.96,11.62,11.85,13145.0,0.97,2025-01-06,2
605033.SSE,2024-10-17,11.86,12.03,11.72,11.75,10613.0,0.78,2025-01-06,2
605033.SSE,2024-10-18,11.74,11.96,11.6,11.87,16676.0,1.23,2025-01-06,2
605033.SSE,2024-10-21,11.88,11.96,11.73,11.91,14624.0,1.08,2025-01-06,2
605033.SSE,2024-10-22,11.9,12.12,11.82,12.01,12658.0,0.94,2025-01-06,2
605033.SSE,2024-10-23,12.01,12.24,11.9,12.1,16932.0,1.25,2025-01-06,2
605033.SSE,2024-10-24,12.13,12.17,11.89,12.08,11955.0,0.88,2025-01-06,2
605033.SSE,2024-10-25,12.05,12.3,12.04,12.24,11673.0,0.86,2025-01-06,2
605033.SSE,2024-10-28,12.24,12.62,12.24,12.6,12348.0,0.91,2025-01-06,2
605033.SSE,2024-10-29,12.69,12.7,12.32,12.34,13876.0,1.03,2025-01-06,2
605033.SSE,2024-10-30,12.34,12.54,12.12,12.35,10848.0,0.8,2025-01-06,2
605033.SSE,2024-10-31,12.35,12.63,12.25,12.57,14102.0,1.04,2025-01-06,2
605033.SSE,2024-11-01,12.5,12.65,12.02,12.1,15583.0,1.15,2025-01-06,2
605033.SSE,2024-11-04,12.11,12.49,11.98,12.35,12956.0,0.96,2025-01-06,2
605033.SSE,2024-11-05,12.46,12.52,12.22,12.49,11281.0,0.83,2025-01-06,2
605033.SSE,2024-11-06,12.56,12.6,12.36,12.51,10302.0,0.76,2025-01-06,2
605033.SSE,2024-11-07,12.51,12.96,12.4,12.82,13602.0,1.01,2025-01-06,2
605033.SSE,2024-11-08,12.82,13.06,12.66,12.88,15343.0,1.13,2025-01-06,2
605033.SSE,2024-11-11,12.88,13.24,12.78,13.19,15681.0,1.16,2025-01-06,2
605033.SSE,2024-11-12,13.19,13.49,12.9,13.09,18916.0,1.4,2025-01-06,2
605033.SSE,2024-11-13,13.07,13.18,12.77,13.11,13211.0,0.98,2025-01-06,2
605033.SSE,2024-11-14,12.98,13.17,12.63,12.75,9364.0,0.69,2025-01-06,2
605033.SSE,2024-11-15,12.61,12.86,12.5,12.5,9463.0,0.7,2025-01-06,2
605033.SSE,2024-11-18,12.51,12.69,12.21,12.31,11108.0,0.82,2025-01-06,2
605033.SSE,2024-11-19,12.3,12.75,12.26,12.68,11754.0,0.87,2025-01-06,2
605033.SSE,2024-11-20,12.8,13.08,12.63,13.07,13091.0,0.97,2025-01-06,2
605033.SSE,2024-11-21,13.06,13.26,13.05,13.2,11832.0,0.88,2025-01-06,2
605033.SSE,2024-11-22,13.12,13.32,12.68,12.68,15289.0,1.13,2025-01-06,2
605033.SSE,2024-11-25,12.7,13.07,12.7,13.04,14251.0,1.05,2025-01-06,2
605033.SSE,2024-11-26,13.14,13.17,12.88,12.93,11396.0,0.84,2025-01-06,2
605033.SSE,2024-11-27,12.92,13.01,12.63,12.97,15170.0,1.12,2025-01-06,2
605033.SSE,2024-11-28,12.97,14.18,12.96,13.32,35893.0,2.65,2025-01-06,2
605033.SSE,2024-11-29,13.31,13.92,13.31,13.63,29843.0,2.21,2025-01-06,2
605033.SSE,2024-12-02,13.6,14.55,13.6,13.85,45921.0,3.4,2025-01-06,2
605033.SSE,2024-12-03,13.87,14.07,13.56,13.8,29006.0,2.15,2025-01-06,2
605033.SSE,2024-12-04,13.76,13.86,13.46,13.54,18055.0,1.34,2025-01-06,2
605033.SSE,2024-12-05,13.54,13.74,13.31,13.7,15680.0,1.16,2025-01-06,2
605033.SSE,2024-12-06,13.72,13.85,13.5,13.77,16067.0,1.19,2025-01-06,2
605033.SSE,2024-12-09,13.95,13.97,13.6,13.72,16303.0,1.21,2025-01-06,2
605033.SSE,2024-12-10,13.99,14.18,13.57,13.61,18422.0,1.36,2025-01-06,2
605033.SSE,2024-12-11,13.8,13.84,13.62,13.75,12658.0,0.94,2025-01-06,2
605033.SSE,2024-12-12,13.75,14.07,13.51,14.02,18077.0,1.34,2025-01-06,2
605033.SSE,2024-12-13,13.96,14.12,13.72,13.82,13827.0,1.02,2025-01-06,2
605033.SSE,2024-12-16,13.84,14.19,13.83,13.95,16560.0,1.22,2025-01-06,2
605033.SSE,2024-12-17,13.85,13.92,13.0,13.04,20730.0,1.53,2025-01-06,2
605033.SSE,2024-12-18,13.05,13.17,12.61,12.79,15629.0,1.16,2025-01-06,2
605033.SSE,2024-12-19,12.69,12.91,12.45,12.66,11818.0,0.87,2025-01-06,2
605033.SSE,2024-12-20,12.79,13.05,12.56,12.96,17468.0,1.29,2025-01-06,2
605033.SSE,2024-12-23,13.25,13.3,11.88,11.96,26089.0,1.93,2025-01-06,2
605033.SSE,2024-12-24,12.0,12.34,11.99,12.29,15990.0,1.18,2025-01-06,2
605033.SSE,2024-12-25,12.22,12.32,11.7,11.86,13825.0,1.02,2025-01-06,2
605033.SSE,2024-12-26,11.86,12.16,11.76,12.1,12796.0,0.95,2025-01-06,2
605033.SSE,2024-12-27,12.11,12.51,11.93,12.47,13013.0,0.96,2025-01-06,2
605033.SSE,2024-12-30,12.47,12.47,12.0,12.14,17731.0,1.31,2025-01-06,2
605033.SSE,2024-12-31,12.15,12.35,12.01,12.03,14368.0,1.06,2025-01-06,2
605033.SSE,2025-01-02,11.98,13.23,11.96,13.23,34106.0,2.52,2025-01-06,2
605033.SSE,2025-01-03,14.48,14.55,14.48,14.55,35288.0,2.61,2025-01-06,2
605033.SSE,2025-01-06,16.01,16.01,13.1,16.01,183886.0,13.6,2025-01-06,2
605033.SSE,2025-01-07,16.64,17.61,15.49,17.61,141976.0,10.5,2025-01-06,2
605033.SSE,2025-01-08,18.3,19.37,18.14,19.37,69088.0,5.11,2025-01-06,2
605033.SSE,2025-01-09,21.31,21.31,20.68,21.31,67136.0,4.97,2025-01-06,2
605033.SSE,2025-01-10,23.43,23.44,22.6,23.44,156266.0,11.56,2025-01-06,2
605033.SSE,2025-01-13,25.0,25.78,24.44,25.78,95747.0,7.08,2025-01-06,2
605033.SSE,2025-01-14,28.36,28.36,27.85,28.36,29739.0,2.2,2025-01-06,2
605033.SSE,2025-01-15,31.2,31.2,28.06,31.2,131460.0,9.72,2025-01-06,2
605033.SSE,2025-01-16,31.2,32.86,28.08,28.08,183075.0,13.54,2025-01-06,2
605033.SSE,2025-01-17,25.27,25.27,25.27,25.27,11705.0,0.87,2025-01-06,2
605033.SSE,2025-01-20,22.79,24.36,22.74,22.74,245981.0,18.19,2025-01-06,2
605033.SSE,2025-01-21,21.77,22.14,20.9,21.03,190358.0,14.08,2025-01-06,2
605033.SSE,2025-01-22,21.04,22.14,20.91,21.8,168988.0,12.5,2025-01-06,2
605033.SSE,2025-01-23,21.36,21.85,20.93,20.97,133440.0,9.87,2025-01-06,2
605033.SSE,2025-01-24,20.43,20.69,19.63,19.75,133995.0,9.91,2025-01-06,2
605033.SSE,2025-01-27,19.89,20.1,19.32,19.35,77963.0,5.77,2025-01-06,2
002820.SZSE,2024-08-19,7.24,7.26,7.14,7.15,19847.0,0.99,2024-11-26,2
002820.SZSE,2024-08-20,7.11,7.17,7.03,7.05,25917.0,1.29,2024-11-26,2
002820.SZSE,2024-08-21,7.02,7.07,6.97,6.98,22066.0,1.1,2024-11-26,2
002820.SZSE,2024-08-22,6.98,7.04,6.83,6.86,20267.0,1.01,2024-11-26,2
002820.SZSE,2024-08-23,6.86,6.86,6.7,6.75,28966.0,1.45,2024-11-26,2
002820.SZSE,2024-08-26,6.77,6.92,6.72,6.92,26480.0,1.32,2024-11-26,2
002820.SZSE,2024-08-27,6.95,7.03,6.85,6.89,23121.0,1.16,2024-11-26,2
002820.SZSE,2024-08-28,6.85,7.04,6.85,7.01,24246.0,1.21,2024-11-26,2
002820.SZSE,2024-08-29,6.98,7.04,6.91,7.01,21763.0,1.09,2024-11-26,2
002820.SZSE,2024-08-30,7.07,7.21,7.0,7.14,32392.0,1.62,2024-11-26,2
002820.SZSE,2024-09-02,7.11,7.18,7.0,7.04,25077.0,1.25,2024-11-26,2
002820.SZSE,2024-09-03,7.1,7.12,7.01,7.08,19178.0,0.96,2024-11-26,2
002820.SZSE,2024-09-04,7.06,7.12,7.0,7.03,19383.0,0.97,2024-11-26,2
002820.SZSE,2024-09-05,7.03,7.41,7.03,7.21,54179.0,2.71,2024-11-26,2
002820.SZSE,2024-09-06,7.21,7.27,7.05,7.07,31842.0,1.59,2024-11-26,2
002820.SZSE,2024-09-09,7.03,7.23,6.98,7.16,30442.0,1.52,2024-11-26,2
002820.SZSE,2024-09-10,7.2,7.26,7.07,7.18,29543.0,1.48,2024-11-26,2
002820.SZSE,2024-09-11,7.17,7.17,7.01,7.04,23495.0,1.17,2024-11-26,2
002820.SZSE,2024-09-12,7.07,7.12,7.02,7.03,18822.0,0.94,2024-11-26,2
002820.SZSE,2024-09-13,7.07,7.07,6.89,6.92,23201.0,1.16,2024-11-26,2
002820.SZSE,2024-09-18,6.91,6.92,6.69,6.83,24108.0,1.2,2024-11-26,2
002820.SZSE,2024-09-19,6.84,7.14,6.84,7.1,41732.0,2.08,2024-11-26,2
002820.SZSE,2024-09-20,7.09,7.15,7.06,7.1,22679.0,1.13,2024-11-26,2
002820.SZSE,2024-09-23,7.1,7.13,7.03,7.04,15331.0,0.77,2024-11-26,2
002820.SZSE,2024-09-24,7.08,7.24,7.06,7.23,32665.0,1.63,2024-11-26,2
002820.SZSE,2024-09-25,7.29,7.4,7.25,7.28,43826.0,2.19,2024-11-26,2
002820.SZSE,2024-09-26,7.25,7.65,7.25,7.62,59396.0,2.97,2024-11-26,2
002820.SZSE,2024-09-27,7.81,7.96,7.64,7.83,80199.0,4.01,2024-11-26,2
002820.SZSE,2024-09-30,8.08,8.5,7.87,8.45,130841.0,6.54,2024-11-26,2
002820.SZSE,2024-10-08,9.23,9.23,8.35,8.58,162375.0,8.11,2024-11-26,2
002820.SZSE,2024-10-09,8.5,8.5,7.82,7.87,101688.0,5.08,2024-11-26,2
002820.SZSE,2024-10-10,7.87,8.09,7.76,7.98,60566.0,3.03,2024-11-26,2
002820.SZSE,2024-10-11,8.0,8.13,7.8,7.83,48675.0,2.43,2024-11-26,2
002820.SZSE,2024-10-14,7.83,7.96,7.7,7.93,39191.0,1.96,2024-11-26,2
002820.SZSE,2024-10-15,7.9,8.0,7.86,7.86,35071.0,1.75,2024-11-26,2
002820.SZSE,2024-10-16,7.78,7.97,7.73,7.9,26527.0,1.33,2024-11-26,2
002820.SZSE,2024-10-17,7.91,7.99,7.77,7.78,32239.0,1.61,2024-11-26,2
002820.SZSE,2024-10-18,7.79,7.99,7.7,7.91,44592.0,2.23,2024-11-26,2
002820.SZSE,2024-10-21,7.91,7.98,7.85,7.93,38420.0,1.92,2024-11-26,2
002820.SZSE,2024-10-22,7.92,8.08,7.92,8.07,53664.0,2.68,2024-11-26,2
002820.SZSE,2024-10-23,8.04,8.11,7.99,8.03,46530.0,2.32,2024-11-26,2
002820.SZSE,2024-10-24,8.0,8.07,7.95,8.05,28668.0,1.43,2024-11-26,2
002820.SZSE,2024-10-25,8.07,8.2,8.04,8.18,43837.0,2.19,2024-11-26,2
002820.SZSE,2024-10-28,8.18,8.4,8.18,8.4,69759.0,3.49,2024-11-26,2
002820.SZSE,2024-10-29,8.41,8.47,8.13,8.19,73093.0,3.65,2024-11-26,2
002820.SZSE,2024-10-30,8.15,8.28,8.05,8.13,46491.0,2.32,2024-11-26,2
002820.SZSE,2024-10-31,8.09,8.24,8.09,8.21,53918.0,2.69,2024-11-26,2
002820.SZSE,2024-11-01,8.19,8.53,8.12,8.38,132384.0,6.61,2024-11-26,2
002820.SZSE,2024-11-04,8.38,8.83,8.2,8.83,155893.0,7.79,2024-11-26,2
002820.SZSE,2024-11-05,8.8,8.81,8.54,8.75,133498.0,6.67,2024-11-26,2
002820.SZSE,2024-11-06,8.69,8.82,8.59,8.71,105898.0,5.29,2024-11-26,2
002820.SZSE,2024-11-07,8.65,9.1,8.6,8.98,167591.0,8.37,2024-11-26,2
002820.SZSE,2024-11-08,8.98,9.14,8.73,8.82,135460.0,6.77,2024-11-26,2
002820.SZSE,2024-11-11,8.72,8.87,8.65,8.8,82329.0,4.11,2024-11-26,2
002820.SZSE,2024-11-12,8.84,9.08,8.78,8.87,102224.0,5.11,2024-11-26,2
002820.SZSE,2024-11-13,8.8,8.89,8.61,8.79,61275.0,3.06,2024-11-26,2
002820.SZSE,2024-11-14,8.79,8.82,8.51,8.54,55592.0,2.78,2024-11-26,2
002820.SZSE,2024-11-15,8.49,8.91,8.49,8.71,95314.0,4.76,2024-11-26,2
002820.SZSE,2024-11-18,8.61,8.82,8.44,8.54,80462.0,4.02,2024-11-26,2
002820.SZSE,2024-11-19,8.46,8.61,8.36,8.56,52335.0,2.61,2024-11-26,2
002820.SZSE,2024-11-20,8.52,8.9,8.52,8.74,68180.0,3.41,2024-11-26,2
002820.SZSE,2024-11-21,8.74,8.99,8.69,8.96,98482.0,4.92,2024-11-26,2
002820.SZSE,2024-11-22,8.88,9.86,8.8,9.86,390676.0,19.52,2024-11-26,2
002820.SZSE,2024-11-25,9.85,10.85,9.4,10.85,463982.0,23.18,2024-11-26,2
002820.SZSE,2024-11-26,11.4,11.94,11.16,11.94,172844.0,8.64,2024-11-26,2
002820.SZSE,2024-11-27,13.13,13.13,13.13,13.13,90417.0,4.52,2024-11-26,2
002820.SZSE,2024-11-28,14.44,14.44,14.44,14.44,112903.0,5.64,2024-11-26,2
002820.SZSE,2024-11-29,15.88,15.88,15.88,15.88,44088.0,2.2,2024-11-26,2
002820.SZSE,2024-12-02,17.47,17.47,17.47,17.47,15902.0,0.79,2024-11-26,2
002820.SZSE,2024-12-03,19.22,19.22,19.01,19.22,331335.0,16.55,2024-11-26,2
002820.SZSE,2024-12-04,19.75,21.14,17.3,21.14,991148.0,49.52,2024-11-26,2
002820.SZSE,2024-12-05,19.03,19.5,19.03,19.03,146362.0,7.31,2024-11-26,2
002820.SZSE,2024-12-06,17.13,18.5,17.13,17.13,811161.0,40.53,2024-11-26,2
002820.SZSE,2024-12-09,15.42,16.8,15.42,15.42,635061.0,31.73,2024-11-26,2
002820.SZSE,2024-12-10,15.94,16.25,14.95,15.1,594969.0,29.72,2024-11-26,2
002820.SZSE,2024-12-11,14.71,15.62,14.71,15.38,422862.0,21.13,2024-11-26,2
002820.SZSE,2024-12-12,15.18,16.5,14.97,16.06,603838.0,30.17,2024-11-26,2
002820.SZSE,2024-12-13,16.0,16.34,15.6,15.63,484443.0,24.2,2024-11-26,2
002820.SZSE,2024-12-16,15.4,16.49,14.85,16.25,479824.0,23.97,2024-11-26,2
002820.SZSE,2024-12-17,15.33,15.8,14.63,14.63,229002.0,11.44,2024-11-26,2
002820.SZSE,2024-12-18,13.35,13.85,13.17,13.55,338977.0,16.94,2024-11-26,2
002820.SZSE,2024-12-19,13.33,13.75,13.11,13.22,210652.0,10.52,2024-11-26,2
002820.SZSE,2024-12-20,13.29,13.64,13.25,13.5,196412.0,9.81,2024-11-26,2
603266.SSE,2023-07-24,14.1,14.22,13.96,14.1,26923.0,1.35,2023-10-30,3
603266.SSE,2023-07-25,14.19,14.37,14.13,14.28,31952.0,1.61,2023-10-30,3
603266.SSE,2023-07-26,14.36,14.36,13.87,13.91,31887.0,1.6,2023-10-30,3
603266.SSE,2023-07-27,14.09,14.3,13.96,13.98,31192.0,1.57,2023-10-30,3
603266.SSE,2023-07-28,13.88,14.2,13.64,14.13,35592.0,1.79,2023-10-30,3
603266.SSE,2023-07-31,14.19,14.48,14.09,14.15,28259.0,1.42,2023-10-30,3
603266.SSE,2023-08-01,14.1,14.18,13.94,13.98,20577.0,1.03,2023-10-30,3
603266.SSE,2023-08-02,13.91,14.05,13.88,14.03,16576.0,0.83,2023-10-30,3
603266.SSE,2023-08-03,13.99,14.03,13.8,13.81,18346.0,0.92,2023-10-30,3
603266.SSE,2023-08-04,13.83,14.1,13.83,13.94,18082.0,0.91,2023-10-30,3
603266.SSE,2023-08-07,13.85,13.99,13.7,13.86,20617.0,1.04,2023-10-30,3
603266.SSE,2023-08-08,13.86,14.14,13.81,13.86,20538.0,1.03,2023-10-30,3
603266.SSE,2023-08-09,13.82,13.82,13.45,13.5,23145.0,1.16,2023-10-30,3
603266.SSE,2023-08-10,13.44,13.62,13.32,13.51,12154.0,0.61,2023-10-30,3
603266.SSE,2023-08-11,13.44,13.63,13.33,13.33,16592.0,0.83,2023-10-30,3
603266.SSE,2023-08-14,13.2,13.36,13.07,13.34,16340.0,0.82,2023-10-30,3
603266.SSE,2023-08-15,13.39,13.4,13.14,13.19,11620.0,0.58,2023-10-30,3
603266.SSE,2023-08-16,13.23,13.23,12.95,12.97,13228.0,0.67,2023-10-30,3
603266.SSE,2023-08-17,12.93,13.39,12.87,13.36,19111.0,0.96,2023-10-30,3
603266.SSE,2023-08-18,13.41,13.56,13.3,13.3,14275.0,0.72,2023-10-30,3
603266.SSE,2023-08-21,13.31,13.52,13.25,13.29,11567.0,0.58,2023-10-30,3
603266.SSE,2023-08-22,13.22,13.44,12.97,13.24,14775.0,0.74,2023-10-30,3
603266.SSE,2023-08-23,13.16,13.34,12.97,13.0,10341.0,0.52,2023-10-30,3
603266.SSE,2023-08-24,13.01,13.23,12.77,13.03,13496.0,0.68,2023-10-30,3
603266.SSE,2023-08-25,12.98,13.05,12.64,12.71,12083.0,0.61,2023-10-30,3
603266.SSE,2023-08-28,13.44,13.48,12.95,12.96,17934.0,0.9,2023-10-30,3
603266.SSE,2023-08-29,12.95,13.62,12.93,13.56,26948.0,1.35,2023-10-30,3
603266.SSE,2023-08-30,13.6,13.88,13.46,13.8,21953.0,1.1,2023-10-30,3
603266.SSE,2023-08-31,13.7,13.83,13.6,13.68,12508.0,0.63,2023-10-30,3
603266.SSE,2023-09-01,13.69,13.83,13.63,13.73,12055.0,0.61,2023-10-30,3
603266.SSE,2023-09-04,13.8,13.85,13.61,13.82,12644.0,0.64,2023-10-30,3
603266.SSE,2023-09-05,13.82,13.88,13.69,13.77,14154.0,0.71,2023-10-30,3
603266.SSE,2023-09-06,13.74,14.0,13.65,13.93,19677.0,0.99,2023-10-30,3
603266.SSE,2023-09-07,13.96,13.96,13.64,13.64,13828.0,0.7,2023-10-30,3
603266.SSE,2023-09-08,13.69,13.84,13.66,13.72,11549.0,0.58,2023-10-30,3
603266.SSE,2023-09-11,13.79,14.09,13.58,13.96,22149.0,1.11,2023-10-30,3
603266.SSE,2023-09-12,14.15,14.72,14.03,14.71,90701.0,4.56,2023-10-30,3
603266.SSE,2023-09-13,14.9,14.9,13.83,14.09,83579.0,4.2,2023-10-30,3
603266.SSE,2023-09-14,14.09,14.11,13.54,13.7,51463.0,2.59,2023-10-30,3
603266.SSE,2023-09-15,13.7,13.72,13.26,13.4,39005.0,1.96,2023-10-30,3
603266.SSE,2023-09-18,13.31,14.0,13.21,13.82,44519.0,2.24,2023-10-30,3
603266.SSE,2023-09-19,13.73,13.88,13.54,13.56,24451.0,1.23,2023-10-30,3
603266.SSE,2023-09-20,13.51,13.79,13.48,13.48,16829.0,0.85,2023-10-30,3
603266.SSE,2023-09-21,13.45,13.54,13.09,13.18,18655.0,0.94,2023-10-30,3
603266.SSE,2023-09-22,13.22,13.48,13.13,13.46,16584.0,0.83,2023-10-30,3
603266.SSE,2023-09-25,13.43,13.85,13.36,13.7,22422.0,1.13,2023-10-30,3
603266.SSE,2023-09-26,13.65,14.0,13.55,13.79,21115.0,1.06,2023-10-30,3
603266.SSE,2023-09-27,13.7,13.8,13.46,13.5,18122.0,0.91,2023-10-30,3
603266.SSE,2023-09-28,13.52,14.04,13.52,13.85,22540.0,1.13,2023-10-30,3
603266.SSE,2023-10-09,14.0,15.24,14.0,15.24,45082.0,2.27,2023-10-30,3
603266.SSE,2023-10-10,16.36,16.36,14.72,14.78,173136.0,8.71,2023-10-30,3
603266.SSE,2023-10-11,14.88,15.0,14.41,14.44,98457.0,4.95,2023-10-30,3
603266.SSE,2023-10-12,14.49,15.88,14.28,15.17,170666.0,8.58,2023-10-30,3
603266.SSE,2023-10-13,14.8,16.69,14.7,16.69,184723.0,9.29,2023-10-30,3
603266.SSE,2023-10-16,17.41,18.36,17.22,18.36,343593.0,17.28,2023-10-30,3
603266.SSE,2023-10-17,16.91,17.85,16.54,16.77,264589.0,13.3,2023-10-30,3
603266.SSE,2023-10-18,16.36,18.45,15.95,17.73,303490.0,15.26,2023-10-30,3
603266.SSE,2023-10-19,16.53,17.34,15.96,16.0,220212.0,11.07,2023-10-30,3
603266.SSE,2023-10-20,15.27,15.88,14.83,15.55,161795.0,8.14,2023-10-30,3
603266.SSE,2023-10-23,15.51,16.29,15.4,15.9,153304.0,7.71,2023-10-30,3
603266.SSE,2023-10-24,15.6,17.49,15.6,16.8,204821.0,10.3,2023-10-30,3
603266.SSE,2023-10-25,16.3,18.48,16.24,18.48,191860.0,9.65,2023-10-30,3
603266.SSE,2023-10-26,19.9,20.33,19.43,20.33,70012.0,3.52,2023-10-30,3
603266.SSE,2023-10-27,22.36,22.36,22.36,22.36,11897.0,0.6,2023-10-30,3
603266.SSE,2023-10-30,24.6,24.6,22.83,24.6,285672.0,14.36,2023-10-30,3
603266.SSE,2023-10-31,27.06,27.06,27.06,27.06,129809.0,6.53,2023-10-30,3
603266.SSE,2023-11-01,24.88,29.77,24.88,29.77,365778.0,18.39,2023-10-30,3
603266.SSE,2023-11-02,32.58,32.75,31.91,32.75,82841.0,4.17,2023-10-30,3
603266.SSE,2023-11-03,36.03,36.03,36.03,36.03,46600.0,2.34,2023-10-30,3
603266.SSE,2023-11-06,39.63,39.63,38.68,39.63,78065.0,3.93,2023-10-30,3
603266.SSE,2023-11-07,43.59,43.59,43.59,43.59,12090.0,0.61,2023-10-30,3
603266.SSE,2023-11-08,47.95,47.95,39.23,39.23,564940.0,28.41,2023-10-30,3
603266.SSE,2023-11-09,35.31,38.34,35.31,35.31,425702.0,21.4,2023-10-30,3
603266.SSE,2023-11-10,33.65,34.64,31.95,32.0,307368.0,15.45,2023-10-30,3
603266.SSE,2023-11-13,31.99,33.12,31.58,33.05,222563.0,11.19,2023-10-30,3
603266.SSE,2023-11-14,32.79,33.85,32.36,33.5,218270.0,10.97,2023-10-30,3
603266.SSE,2023-11-15,33.07,33.73,31.57,32.3,222029.0,11.16,2023-10-30,3
603266.SSE,2023-11-16,32.25,33.49,31.68,33.09,211940.0,10.66,2023-10-30,3
603266.SSE,2023-11-17,32.5,34.8,32.28,33.97,271391.0,13.65,2023-10-30,3
603266.SSE,2023-11-20,33.33,36.22,32.62,35.69,323952.0,16.29,2023-10-30,3
603266.SSE,2023-11-21,35.7,39.26,35.08,38.88,435320.0,21.89,2023-10-30,3
603266.SSE,2023-11-22,36.01,38.18,34.99,35.6,322328.0,16.21,2023-10-30,3
603266.SSE,2023-11-23,35.6,38.75,35.0,36.98,336834.0,16.94,2023-10-30,3
603266.SSE,2023-11-24,37.9,40.68,37.11,40.68,428455.0,21.54,2023-10-30,3
