代码,买入日,年,段,封住,E3%,首板换手%,地基距MA20%,断板k,H0断板收盘,H1多拿1天,H2多拿2天,H3断板日高点,断板量比
000020.SZSE,2022-02-21,2022,样本外,False,0.75,1.56,5.07,0,-4.88,0.75,-7.7,0.0,
000025.SZSE,2025-04-17,2025,主窗,True,4.31,4.87,-4.42,2,4.31,0.16,-7.58,10.12,1.96
000058.SZSE,2024-09-04,2024,主窗,True,-0.14,3.35,5.15,1,-0.14,3.92,14.27,9.09,3.05
000062.SZSE,2024-09-02,2024,主窗,True,31.78,9.36,84.91,5,31.78,18.6,20.79,54.33,0.82
000065.SZSE,2022-08-30,2022,样本外,False,-12.53,8.36,20.43,0,-4.78,-12.53,-17.78,0.0,
000070.SZSE,2022-06-17,2022,样本外,False,-8.76,3.88,1.86,0,-5.23,-8.76,-12.99,0.0,
000070.SZSE,2026-06-23,2026,主窗,True,1.0,4.65,12.28,1,1.0,-1.24,-11.12,3.87,1.69
000096.SZSE,2022-06-10,2022,样本外,True,0.0,1.32,2.57,1,0.0,1.81,-5.59,9.97,5.58
000402.SZSE,2026-04-30,2026,主窗,True,5.68,0.79,-2.89,2,5.68,3.15,5.05,9.78,3.07
000409.SZSE,2022-02-17,2022,样本外,False,-8.16,7.04,3.97,0,-10.37,-8.16,-4.08,0.0,
000411.SZSE,2022-12-13,2022,样本外,True,-7.78,5.65,1.69,1,-7.78,-6.09,-2.32,5.96,2.5
000421.SZSE,2023-12-11,2023,主窗,True,20.26,3.64,4.21,2,20.26,27.01,39.66,21.12,2.07
000421.SZSE,2024-11-28,2024,主窗,True,-3.62,6.9,5.62,1,-3.62,-4.65,4.91,7.24,1.6
000498.SZSE,2022-02-08,2022,样本外,False,-8.19,6.11,14.72,0,-5.03,-8.19,-7.3,0.0,
000525.SZSE,2025-06-18,2025,主窗,False,-20.95,16.46,8.95,0,-14.5,-20.95,-25.28,0.0,
000539.SZSE,2026-05-28,2026,主窗,True,13.14,6.88,-4.05,3,13.14,16.48,13.63,20.82,2.06
000571.SZSE,2024-03-15,2024,主窗,True,19.86,2.18,1.86,4,19.86,7.8,0.0,27.66,1.76
000592.SZSE,2025-10-24,2025,主窗,True,41.85,23.47,5.62,4,41.85,55.95,71.59,46.26,6.38
000620.SZSE,2022-11-14,2022,样本外,True,2.13,11.12,-0.31,1,2.13,-4.26,-5.47,9.42,1.72
000620.SZSE,2025-11-04,2025,主窗,True,12.67,10.24,18.35,2,12.67,5.33,16.0,21.0,1.74
000625.SZSE,2021-04-19,2021,样本外,True,3.57,4.75,-1.53,1,3.57,-3.51,-3.34,10.01,4.11
000633.SZSE,2025-11-14,2025,主窗,True,-8.38,4.7,0.44,1,-8.38,0.73,3.89,-3.04,3.96
000635.SZSE,2023-02-15,2023,主窗,True,7.14,4.46,4.53,1,7.14,-3.53,-4.04,9.98,9.18
000657.SZSE,2021-10-13,2021,样本外,False,-1.29,0.71,-12.61,0,-3.26,-1.29,2.65,0.0,
000663.SZSE,2022-07-18,2022,样本外,True,-1.58,1.98,3.57,1,-1.58,0.0,1.02,8.48,3.44
000678.SZSE,2025-04-24,2025,主窗,False,-8.91,6.66,-7.75,0,-4.76,-8.91,-14.98,0.0,
000681.SZSE,2025-01-27,2025,主窗,False,4.8,22.31,-5.91,0,-0.04,4.8,5.83,0.0,
000710.SZSE,2026-08-21,2026,主窗,True,-5.92,4.65,-2.6,1,-5.92,-7.76,-9.21,1.84,2.66
000711.SZSE,2022-11-01,2022,样本外,True,3.3,2.91,2.56,1,3.3,-6.93,-9.24,9.9,3.91
000715.SZSE,2022-12-27,2022,样本外,True,19.85,3.58,-3.05,4,19.85,8.21,9.4,29.1,4.48
000755.SZSE,2022-03-18,2022,样本外,False,-2.49,3.93,-14.17,0,-1.04,-2.49,-2.07,0.0,
000756.SZSE,2022-12-08,2022,样本外,True,41.3,20.82,4.18,5,41.3,55.43,55.09,46.12,1.16
000766.SZSE,2023-09-12,2023,主窗,True,43.52,3.39,17.49,4,43.52,41.61,27.49,46.39,2.12
000777.SZSE,2022-01-07,2022,样本外,False,-15.14,5.85,-7.61,0,-11.98,-15.14,-16.72,0.0,
000788.SZSE,2026-04-02,2026,主窗,True,-1.25,11.11,0.04,1,-1.25,-4.29,-9.56,8.73,4.33
000799.SZSE,2024-09-27,2024,主窗,True,18.22,6.26,7.34,3,18.22,17.0,6.41,28.54,2.67
000819.SZSE,2025-10-10,2025,主窗,True,-2.63,2.8,-2.86,1,-2.63,0.55,-4.67,4.32,
000823.SZSE,2026-09-08,2026,主窗,False,-3.02,8.92,-3.86,0,-5.7,-3.02,6.67,0.0,
000859.SZSE,2024-06-11,2024,主窗,True,12.17,1.38,-16.05,3,12.17,1.06,3.17,33.33,11.25
000889.SZSE,2026-05-07,2026,主窗,True,1.12,13.29,1.53,1,1.12,-1.68,-5.42,10.09,1.71
000952.SZSE,2026-01-06,2026,主窗,False,-7.76,8.11,-6.18,0,-6.24,-7.76,-2.71,0.0,
000953.SZSE,2024-07-31,2024,主窗,True,31.53,5.69,6.38,5,31.53,27.03,14.41,36.64,0.85
000957.SZSE,2024-05-14,2024,主窗,True,3.16,8.43,4.17,1,3.16,-2.72,-6.41,8.69,4.12
000969.SZSE,2022-12-14,2022,样本外,True,-4.74,4.58,-1.76,1,-4.74,-8.55,-10.09,2.68,2.89
000969.SZSE,2025-10-28,2025,主窗,True,2.35,16.73,13.33,1,2.35,1.17,-7.57,5.74,1.32
000981.SZSE,2026-09-15,2026,主窗,False,-12.74,2.85,-3.84,0,-3.82,-12.74,-4.14,0.0,
001202.SZSE,2026-01-13,2026,主窗,True,-2.88,7.65,2.87,1,-2.88,-1.85,-2.21,-1.34,2.6
001255.SZSE,2026-01-13,2026,主窗,True,19.79,7.53,1.55,4,19.79,7.81,-2.97,42.16,3.29
001270.SZSE,2026-07-06,2026,主窗,False,-7.82,2.27,10.17,0,-11.28,-7.82,-15.76,0.0,
001288.SZSE,2022-05-13,2022,样本外,False,-9.32,12.25,-1.84,0,-6.02,-9.32,-12.45,0.0,
001313.SZSE,2024-10-08,2024,主窗,False,-15.75,6.19,7.23,0,-6.62,-15.75,-15.98,0.0,
001314.SZSE,2023-12-20,2023,主窗,True,1.54,18.79,14.6,1,1.54,1.46,9.87,2.99,1.88
001332.SZSE,2024-08-29,2024,主窗,True,0.6,1.53,-8.42,1,0.6,2.5,3.77,7.94,4.79
001339.SZSE,2023-02-16,2023,主窗,True,-1.01,23.11,2.89,2,-1.01,-4.92,-8.26,9.99,2.11
001358.SZSE,2024-03-27,2024,主窗,True,-2.54,9.82,-0.85,1,-2.54,-3.51,-3.63,4.92,2.66
001389.SZSE,2026-09-22,2026,主窗,False,-6.0,9.17,3.59,0,-2.87,-6.0,-11.42,0.0,
001395.SZSE,2026-07-10,2026,主窗,True,5.45,1.21,-12.5,2,5.45,5.13,13.27,9.92,2.48
002008.SZSE,2024-02-07,2024,主窗,True,3.58,1.89,-17.32,1,3.58,2.18,1.29,7.5,2.94
002015.SZSE,2021-08-23,2021,样本外,True,1.15,5.99,22.88,1,1.15,10.65,4.45,4.72,1.92
002028.SZSE,2021-11-15,2021,样本外,False,-3.92,2.35,-3.42,0,-4.45,-3.92,2.62,0.0,
002036.SZSE,2026-05-22,2026,主窗,True,0.19,6.68,-0.75,1,0.19,4.66,-2.72,6.12,2.86
002040.SZSE,2022-08-26,2022,样本外,False,-12.54,3.42,3.67,0,-10.59,-12.54,-3.8,0.0,
002052.SZSE,2025-08-12,2025,主窗,True,14.63,4.91,-8.82,2,14.63,26.09,38.71,20.9,4.02
002084.SZSE,2022-09-27,2022,样本外,True,19.96,4.87,0.34,4,19.96,12.65,4.55,23.32,0.46
002090.SZSE,2022-07-05,2022,样本外,True,45.03,4.05,5.85,6,45.03,52.27,67.5,62.3,1.62
002101.SZSE,2022-01-17,2022,样本外,True,3.2,3.84,2.47,1,3.2,-1.7,-8.3,9.99,3.34
002131.SZSE,2024-11-28,2024,主窗,True,70.36,25.22,24.32,6,70.36,53.29,38.02,76.95,2.16
002141.SZSE,2026-07-15,2026,主窗,True,5.35,8.71,-6.25,1,5.35,7.66,-3.03,9.98,1.71
002146.SZSE,2023-07-26,2023,主窗,True,-10.04,14.49,32.57,1,-10.04,-1.08,8.96,0.36,1.4
002148.SZSE,2025-08-12,2025,主窗,True,12.14,35.7,24.09,2,12.14,16.59,22.45,18.43,1.37
002150.SZSE,2025-10-30,2025,主窗,True,-5.27,8.84,-4.28,1,-5.27,-1.74,-2.73,2.59,2.51
002160.SZSE,2026-01-29,2026,主窗,False,-12.35,11.07,5.68,0,-2.68,-12.35,-21.07,0.0,
002161.SZSE,2024-11-20,2024,主窗,True,8.89,3.1,-4.45,3,8.89,-2.06,-4.76,14.6,1.51
002163.SZSE,2025-12-22,2025,主窗,True,29.33,16.81,-9.59,3,29.33,42.28,53.35,31.89,3.63
002164.SZSE,2021-01-07,2021,样本外,True,2.39,8.91,1.75,1,2.39,12.68,23.94,10.0,5.19
002173.SZSE,2021-05-11,2021,样本外,False,-6.0,3.16,1.78,0,-4.3,-6.0,-5.44,0.0,
002186.SZSE,2022-12-19,2022,样本外,True,41.79,5.83,10.11,4,41.79,45.6,47.91,46.34,5.43
002192.SZSE,2022-04-28,2022,样本外,True,11.42,3.61,-24.78,2,11.42,9.84,10.91,14.5,1.54
002201.SZSE,2021-07-26,2021,样本外,True,12.37,9.55,11.27,2,12.37,13.46,2.1,19.5,1.71
002201.SZSE,2026-01-20,2026,主窗,True,-9.61,11.0,5.23,1,-9.61,-0.57,6.17,7.1,1.67
002229.SZSE,2024-10-25,2024,主窗,True,6.61,24.62,17.79,1,6.61,-2.03,-5.76,10.01,1.31
002229.SZSE,2026-08-12,2026,主窗,True,5.73,14.84,6.72,1,5.73,-2.71,7.05,9.99,6.23
002232.SZSE,2021-12-03,2021,样本外,True,9.74,6.4,19.49,1,9.74,20.71,25.37,9.99,1.96
002243.SZSE,2024-06-21,2024,主窗,True,-9.92,0.47,-3.67,1,-9.92,-13.8,-13.95,4.81,4.58
002244.SZSE,2022-11-14,2022,样本外,False,-4.27,2.07,-4.0,0,-5.49,-4.27,-7.32,0.0,
002261.SZSE,2025-02-06,2025,主窗,True,47.77,4.46,-3.4,5,47.77,62.56,55.56,61.04,3.81
002263.SZSE,2021-01-21,2021,样本外,False,-22.3,16.2,21.76,0,-13.62,-22.3,-27.7,0.0,
002269.SZSE,2021-01-20,2021,样本外,True,-6.37,3.21,-11.32,1,-6.37,-15.29,-19.11,10.19,2.53
002269.SZSE,2021-06-01,2021,样本外,True,13.13,10.44,11.33,2,13.13,1.91,1.19,21.0,1.9
002281.SZSE,2024-12-20,2024,主窗,True,-1.43,5.08,10.22,1,-1.43,-1.97,-1.1,5.87,1.58
002295.SZSE,2025-10-09,2025,主窗,True,-9.37,25.07,18.77,1,-9.37,-13.31,-17.62,7.46,
002297.SZSE,2025-12-25,2025,主窗,True,0.0,11.61,3.28,1,0.0,-0.48,-5.41,10.01,4.98
002298.SZSE,2025-04-28,2025,主窗,True,2.04,5.88,-9.3,1,2.04,6.68,11.87,10.02,5.7
002314.SZSE,2025-07-03,2025,主窗,True,-7.57,3.18,1.2,1,-7.57,1.58,5.05,5.36,6.38
002316.SZSE,2021-05-07,2021,样本外,True,17.65,4.9,-8.71,3,17.65,21.22,21.22,23.74,2.57
002338.SZSE,2024-03-01,2024,主窗,False,1.05,4.1,7.5,0,-3.81,1.05,-3.24,0.0,
002339.SZSE,2023-02-07,2023,主窗,False,2.16,5.5,2.37,0,-7.13,2.16,-3.35,0.0,
002349.SZSE,2022-02-15,2022,样本外,True,5.11,6.38,-22.83,1,5.11,-3.87,1.39,7.59,1.67
002349.SZSE,2022-12-13,2022,样本外,False,-12.55,4.6,-1.13,0,-2.87,-12.55,-11.61,0.0,
002356.SZSE,2023-08-03,2023,主窗,False,-10.37,1.39,-2.34,0,-5.74,-10.37,-11.64,0.0,
002368.SZSE,2021-10-25,2021,样本外,False,-2.17,3.63,-5.54,0,-1.48,-2.17,-4.44,0.55,
002383.SZSE,2022-07-13,2022,样本外,True,-9.93,3.85,4.24,1,-9.93,-7.06,-7.58,-0.78,1.89
002401.SZSE,2023-01-19,2023,主窗,True,19.47,7.07,2.3,3,19.47,25.02,37.49,26.34,2.87
002402.SZSE,2025-08-25,2025,主窗,True,1.91,21.72,18.51,1,1.91,-2.92,0.0,5.91,1.86
002403.SZSE,2026-09-04,2026,主窗,True,10.02,2.65,-1.98,3,10.02,3.72,-6.65,21.45,3.04
002407.SZSE,2026-06-30,2026,主窗,True,9.14,3.5,10.5,2,9.14,-1.77,-8.7,14.47,2.8
002425.SZSE,2021-12-31,2021,样本外,False,-3.63,3.69,0.23,0,-5.4,-3.63,1.86,0.0,
002432.SZSE,2021-12-20,2021,样本外,True,11.64,15.65,39.85,3,11.64,22.79,35.07,27.51,1.63
002448.SZSE,2025-02-07,2025,主窗,True,1.9,9.45,2.89,1,1.9,-3.16,-1.26,8.72,
002453.SZSE,2024-10-31,2024,主窗,True,17.13,4.57,6.37,2,17.13,12.81,4.32,20.99,7.24
002471.SZSE,2025-05-23,2025,主窗,True,16.99,13.44,11.46,3,16.99,28.66,15.71,28.03,2.11
002476.SZSE,2022-10-10,2022,样本外,True,-4.59,2.15,-11.02,1,-4.59,-5.82,-3.88,5.82,
002482.SZSE,2021-06-25,2021,样本外,True,-3.23,2.23,-2.25,1,-3.23,-7.1,-7.1,2.9,5.27
002490.SZSE,2022-09-28,2022,样本外,True,2.24,8.31,-4.81,1,2.24,-8.02,1.12,8.21,2.11
002520.SZSE,2024-09-04,2024,主窗,True,19.6,4.55,0.54,4,19.6,12.92,11.8,34.52,0.55
002521.SZSE,2021-03-01,2021,样本外,True,-7.84,4.84,2.59,1,-7.84,-6.46,-10.87,4.26,3.99
002524.SZSE,2025-02-17,2025,主窗,True,-7.52,4.11,4.03,1,-7.52,-8.19,1.11,0.66,3.24
002531.SZSE,2021-09-03,2021,样本外,True,-3.22,1.87,8.68,1,-3.22,-1.21,1.74,5.63,2.91
002537.SZSE,2025-06-24,2025,主窗,True,6.33,8.0,6.05,2,6.33,3.74,6.33,17.75,2.23
002549.SZSE,2021-08-02,2021,样本外,True,7.72,3.62,3.55,1,7.72,6.91,5.48,9.96,4.2
002550.SZSE,2022-12-08,2022,样本外,True,1.9,12.16,-0.83,1,1.9,12.11,18.91,8.57,2.75
002552.SZSE,2026-05-19,2026,主窗,True,-3.78,5.18,28.94,1,-3.78,-6.87,2.44,3.14,1.43
002552.SZSE,2026-05-25,2026,主窗,True,15.37,5.45,28.72,2,15.37,26.89,31.74,21.0,1.38
002553.SZSE,2021-12-09,2021,样本外,False,-11.66,6.21,-2.96,0,-7.62,-11.66,-14.0,0.0,
002560.SZSE,2025-10-16,2025,主窗,True,-7.37,9.39,2.25,1,-7.37,-5.72,-7.15,-0.99,5.15
002560.SZSE,2026-09-14,2026,主窗,True,1.98,12.54,0.48,1,1.98,-1.72,-5.42,6.47,5.23
002564.SZSE,2026-09-07,2026,主窗,True,-0.18,1.9,-0.53,1,-0.18,-1.29,-1.66,6.46,7.17
002578.SZSE,2025-01-17,2025,主窗,True,-6.59,4.2,-1.46,1,-6.59,-12.91,-17.03,3.57,7.12
002585.SZSE,2026-05-25,2026,主窗,True,8.81,10.13,-0.01,2,8.81,15.28,3.54,13.66,2.39
002585.SZSE,2026-06-16,2026,主窗,True,6.07,10.77,8.67,1,6.07,6.0,4.21,8.35,1.78
002589.SZSE,2026-04-16,2026,主窗,False,-13.16,6.88,1.86,0,-7.85,-13.16,-13.16,0.0,
002591.SZSE,2022-07-28,2022,样本外,False,-20.29,59.52,40.98,0,-11.43,-20.29,-28.26,0.0,
002593.SZSE,2025-11-17,2025,主窗,True,-8.5,23.43,7.82,1,-8.5,-16.05,-20.44,5.62,2.59
002601.SZSE,2021-08-13,2021,样本外,False,-8.37,5.47,-0.16,0,-2.59,-8.37,-10.7,0.0,
002605.SZSE,2024-11-14,2024,主窗,True,-2.16,11.71,5.72,1,-2.16,-8.94,-8.41,9.99,2.94
002638.SZSE,2024-04-02,2024,主窗,False,-14.39,2.75,2.27,0,-10.79,-14.39,-17.99,0.0,
002642.SZSE,2025-09-12,2025,主窗,False,1.27,7.55,4.29,0,-7.98,1.27,1.18,0.0,
002679.SZSE,2025-12-08,2025,主窗,True,-7.29,7.62,-4.75,1,-7.29,-9.03,-18.12,1.62,2.24
002692.SZSE,2024-03-12,2024,主窗,False,-9.95,1.96,5.53,0,-8.33,-9.95,-11.81,0.0,
002693.SZSE,2022-12-08,2022,样本外,False,-9.24,9.47,-10.29,0,-4.57,-9.24,-4.78,0.0,
002703.SZSE,2021-01-04,2021,样本外,True,-3.11,1.81,-2.79,1,-3.11,-12.73,-11.8,9.94,8.61
002713.SZSE,2024-12-06,2024,主窗,True,0.99,14.14,10.04,1,0.99,-3.13,-5.6,10.05,2.6
002716.SZSE,2021-06-29,2021,样本外,True,-2.93,2.47,10.19,1,-2.93,-7.07,-13.9,10.0,4.58
002728.SZSE,2022-11-15,2022,样本外,True,4.96,30.72,31.46,1,4.96,12.23,23.44,10.0,2.16
002729.SZSE,2023-10-19,2023,主窗,True,-5.42,1.42,-2.44,1,-5.42,-7.61,-2.0,5.61,4.96
002737.SZSE,2022-05-13,2022,样本外,False,-14.3,4.16,4.04,0,-5.49,-14.3,-16.58,0.0,
002738.SZSE,2026-07-01,2026,主窗,True,0.92,5.28,-9.12,1,0.92,-0.97,-2.19,4.64,2.65
002749.SZSE,2022-05-24,2022,样本外,False,-12.71,2.49,0.96,0,-10.95,-12.71,-16.3,0.0,
002766.SZSE,2026-01-05,2026,主窗,True,6.31,10.69,1.92,2,6.31,8.11,1.2,21.02,3.14
002767.SZSE,2022-02-16,2022,样本外,True,-9.99,3.62,0.92,1,-9.99,-12.9,-12.4,-0.44,3.99
002767.SZSE,2023-12-01,2023,主窗,True,4.54,8.12,0.53,1,4.54,-4.17,-9.19,9.98,4.33
002769.SZSE,2021-04-01,2021,样本外,True,0.29,0.97,-1.48,1,0.29,-0.72,-4.47,7.94,8.28
002799.SZSE,2022-07-26,2022,样本外,True,3.7,2.83,-0.77,1,3.7,2.41,-3.09,10.03,7.69
002809.SZSE,2025-04-18,2025,主窗,True,-0.52,6.87,-4.73,3,12.94,24.22,27.45,29.33,1.86
002811.SZSE,2024-03-15,2024,主窗,True,-5.04,2.12,4.18,1,-5.04,-1.42,-4.65,9.56,4.95
002813.SZSE,2022-07-07,2022,样本外,True,3.11,6.31,-5.17,2,3.11,-3.36,-1.29,20.99,3.57
002819.SZSE,2021-08-06,2021,样本外,True,0.6,1.56,21.55,1,0.6,-2.44,-12.19,8.24,1.91
002827.SZSE,2024-08-14,2024,主窗,True,3.74,6.7,6.41,1,3.74,-4.2,-0.23,10.02,2.87
002835.SZSE,2023-05-04,2023,主窗,True,1.27,2.25,-13.57,1,1.27,4.52,1.46,5.1,4.15
002835.SZSE,2025-02-11,2025,主窗,True,-5.58,8.54,7.36,1,-5.58,-11.45,-11.15,-0.72,3.5
002843.SZSE,2022-07-04,2022,样本外,True,4.43,6.49,36.86,1,4.43,3.13,5.02,9.98,1.7
002865.SZSE,2021-07-02,2021,样本外,True,3.27,2.34,1.54,1,3.27,-6.27,-5.23,10.02,4.32
002865.SZSE,2025-12-15,2025,主窗,False,-11.25,8.5,-7.3,0,-8.09,-11.25,-2.37,0.0,
002865.SZSE,2026-01-23,2026,主窗,True,8.0,10.84,22.52,1,8.0,4.71,-0.74,10.0,1.74
002866.SZSE,2022-07-18,2022,样本外,True,13.55,31.05,15.42,2,13.55,10.47,2.31,16.71,2.11
002870.SZSE,2024-12-02,2024,主窗,False,-9.42,6.81,-4.74,0,-3.53,-9.42,-10.66,0.0,
002871.SZSE,2022-02-17,2022,样本外,False,-12.09,3.2,0.24,0,-5.38,-12.09,-10.28,0.0,
002873.SZSE,2022-01-07,2022,样本外,False,0.83,14.86,20.46,0,-8.35,0.83,10.33,0.0,
002882.SZSE,2023-02-08,2023,主窗,True,23.28,7.09,11.56,3,23.28,35.59,33.9,27.99,2.3
002888.SZSE,2024-01-04,2024,主窗,True,-1.39,9.35,8.58,1,-1.39,-11.23,-15.42,9.99,2.27
002900.SZSE,2026-07-23,2026,主窗,True,-5.79,5.69,0.27,1,-5.79,3.64,7.27,1.65,1.73
002907.SZSE,2025-05-28,2025,主窗,True,20.71,2.87,-0.31,2,20.71,27.97,17.44,20.71,0.69
002908.SZSE,2025-08-11,2025,主窗,True,-9.93,10.57,-2.44,1,-9.93,-12.19,-11.21,-1.5,2.36
002917.SZSE,2025-07-22,2025,主窗,True,-6.04,10.4,2.31,1,-6.04,-7.8,-11.09,10.03,4.56
002923.SZSE,2026-04-02,2026,主窗,False,-17.62,3.33,0.04,0,-8.49,-17.62,-23.42,0.0,
002931.SZSE,2022-08-09,2022,样本外,True,-2.46,2.01,2.38,1,-2.46,-3.02,-5.55,4.01,3.76
002941.SZSE,2024-08-26,2024,主窗,True,3.83,2.25,-3.73,1,3.83,-1.34,-4.5,9.0,3.87
002988.SZSE,2021-11-18,2021,样本外,False,-6.73,4.03,-0.91,0,-3.81,-6.73,-3.77,0.0,
002995.SZSE,2023-06-02,2023,主窗,True,-21.62,21.93,18.71,1,-21.62,-17.12,-16.29,-21.62,1.2
002999.SZSE,2021-03-01,2021,样本外,True,-3.38,15.61,3.54,1,-3.38,-0.08,-6.24,7.29,3.98
003001.SZSE,2021-03-31,2021,样本外,True,59.45,17.5,6.19,5,59.45,43.51,29.16,61.0,1.75
003002.SZSE,2024-02-19,2024,主窗,False,-0.94,2.91,-23.7,0,-1.36,-0.94,-0.94,0.0,
003002.SZSE,2025-07-22,2025,主窗,True,-0.38,7.99,-5.38,2,-0.38,-10.27,-11.7,9.19,3.27
003004.SZSE,2024-03-18,2024,主窗,True,1.17,4.06,7.8,1,1.17,5.63,13.83,10.01,3.39
003005.SZSE,2022-10-13,2022,样本外,True,5.66,45.11,37.34,1,5.66,16.23,20.6,9.99,
003018.SZSE,2025-11-25,2025,主窗,True,45.04,5.65,-3.97,6,45.04,30.76,30.89,77.22,5.3
003027.SZSE,2022-09-20,2022,样本外,True,37.53,2.16,-7.47,4,37.53,51.3,40.08,46.4,3.76
600007.SSE,2022-03-28,2022,样本外,True,-3.12,0.97,1.46,1,-3.12,-1.02,-2.64,9.68,3.06
600076.SSE,2025-02-27,2025,主窗,True,-0.8,1.54,1.84,1,-0.8,-10.84,-14.06,10.04,8.08
600088.SSE,2026-09-14,2026,主窗,True,-2.04,4.88,2.25,1,-2.04,2.1,9.91,9.97,2.69
600113.SSE,2025-11-11,2025,主窗,True,12.31,2.24,-11.35,2,12.31,11.86,6.72,20.89,3.68
600148.SSE,2024-11-19,2024,主窗,True,4.78,4.22,4.93,1,4.78,2.58,-0.92,9.98,4.53
600172.SSE,2024-10-31,2024,主窗,True,-9.95,14.99,36.65,1,-9.95,-18.96,-18.96,0.71,1.12
600172.SSE,2025-10-21,2025,主窗,True,10.11,17.4,9.96,2,10.11,-0.85,-0.14,20.94,2.24
600203.SSE,2025-08-05,2025,主窗,True,18.68,23.87,8.9,3,18.68,22.17,34.42,26.2,1.75
600228.SSE,2022-02-09,2022,样本外,True,2.33,2.21,-4.04,1,2.33,12.61,8.45,10.04,
600228.SSE,2023-05-04,2023,主窗,True,-2.0,12.77,-7.52,1,-2.0,7.8,0.55,9.52,2.55
600241.SSE,2023-12-07,2023,主窗,True,-9.08,2.84,0.89,1,-9.08,-4.64,-3.63,8.88,6.96
600250.SSE,2025-12-18,2025,主窗,True,-0.14,15.54,8.9,1,-0.14,-10.12,-17.92,9.99,2.08
600262.SSE,2024-04-18,2024,主窗,True,-5.98,2.51,-9.47,1,-5.98,-2.03,-6.56,9.99,4.0
600268.SSE,2025-07-22,2025,主窗,True,-3.04,6.48,9.18,1,-3.04,-8.2,-8.56,9.94,2.1
600272.SSE,2024-01-24,2024,主窗,True,8.92,4.43,-14.72,3,8.92,-1.93,-11.77,32.3,4.49
600281.SSE,2024-10-23,2024,主窗,False,-7.29,3.74,5.96,0,-5.88,-7.29,-5.18,0.0,
600292.SSE,2024-11-08,2024,主窗,True,6.74,8.86,37.59,1,6.74,17.43,7.03,9.97,2.13
600295.SSE,2021-02-22,2021,样本外,True,12.22,5.76,11.78,2,12.22,13.81,16.27,19.71,
600307.SSE,2021-03-12,2021,样本外,True,6.83,3.32,6.26,1,6.83,2.44,-4.88,10.24,4.69
600307.SSE,2024-10-31,2024,主窗,True,-2.99,4.79,14.88,1,-2.99,-12.44,-5.47,9.45,1.8
600353.SSE,2026-07-10,2026,主窗,False,-15.08,3.13,-9.19,0,-6.16,-15.08,-8.21,0.0,
600367.SSE,2022-01-25,2022,样本外,True,-3.27,4.54,-11.47,1,-3.27,1.31,5.17,6.05,2.63
600397.SSE,2025-05-19,2025,主窗,False,-5.48,7.0,3.13,0,-3.23,-5.48,-7.26,0.0,
600403.SSE,2025-03-14,2025,主窗,True,-2.16,1.22,8.5,1,-2.16,7.57,18.38,8.92,2.33
600488.SSE,2026-09-29,2026,主窗,True,-3.04,9.42,0.62,1,-3.04,,,5.07,2.3
600511.SSE,2022-04-27,2022,样本外,False,-3.23,2.75,-11.03,0,-3.4,-3.23,-2.7,0.0,
600545.SSE,2026-05-11,2026,主窗,True,0.66,8.88,12.34,1,0.66,3.63,9.08,5.45,
600551.SSE,2024-02-01,2024,主窗,False,-6.36,0.81,-6.69,0,-14.88,-6.36,-10.58,0.0,
600560.SSE,2024-03-07,2024,主窗,True,-2.13,9.01,4.63,1,-2.13,-4.75,-7.54,10.0,3.9
600571.SSE,2025-04-22,2025,主窗,True,0.79,10.64,-5.32,1,0.79,-8.89,-10.99,10.02,3.49
600579.SSE,2024-10-25,2024,主窗,True,8.92,1.92,4.87,2,8.92,11.62,5.14,20.95,4.14
600579.SSE,2024-12-19,2024,主窗,True,-1.01,5.22,11.78,4,27.59,14.8,17.93,46.32,2.47
600580.SSE,2024-03-21,2024,主窗,True,-4.4,7.02,29.44,1,-4.4,-9.78,-12.11,2.55,1.94
600611.SSE,2024-07-11,2024,主窗,True,8.25,6.45,13.05,1,8.25,14.69,26.29,10.05,3.19
600620.SSE,2025-07-17,2025,主窗,True,7.95,2.99,5.69,2,7.95,-2.84,-7.39,19.6,2.7
600629.SSE,2025-07-21,2025,主窗,True,5.79,5.56,1.77,2,5.79,4.37,9.59,20.89,6.76
600644.SSE,2022-08-22,2022,样本外,False,-14.06,16.05,24.87,0,-4.84,-14.06,-22.51,0.0,
600654.SSE,2024-11-14,2024,主窗,True,13.08,10.61,31.06,3,13.08,11.68,1.87,32.24,1.92
600658.SSE,2025-08-13,2025,主窗,True,8.4,11.18,8.24,2,8.4,11.09,22.19,10.46,2.13
600667.SSE,2023-04-04,2023,主窗,True,10.9,1.34,2.29,2,10.9,3.45,1.79,15.59,3.59
600686.SSE,2024-07-26,2024,主窗,True,11.34,10.67,32.16,3,11.34,18.43,28.28,28.63,1.4
600722.SSE,2026-07-20,2026,主窗,True,-3.94,7.24,-6.09,1,-3.94,5.65,16.2,1.92,2.19
600724.SSE,2024-10-28,2024,主窗,True,-6.26,3.84,10.52,1,-6.26,0.76,6.26,10.06,2.77
600726.SSE,2023-06-14,2023,主窗,False,-9.82,3.78,-0.98,0,-6.85,-9.82,-12.8,0.0,
600736.SSE,2022-05-10,2022,样本外,True,-2.15,3.12,-10.48,1,-2.15,1.65,-0.17,8.76,
600744.SSE,2026-07-20,2026,主窗,True,20.12,4.21,-11.7,3,20.12,14.79,16.01,32.47,1.9
600751.SSE,2022-02-07,2022,样本外,True,-1.32,1.45,-10.52,1,-1.32,-1.97,0.66,2.96,
600778.SSE,2024-12-11,2024,主窗,True,33.56,2.79,7.95,4,33.56,20.16,8.12,46.28,4.58
600787.SSE,2022-04-12,2022,样本外,True,0.31,0.82,-0.63,1,0.31,-2.76,-12.42,9.97,3.36
600787.SSE,2025-04-09,2025,主窗,True,1.06,4.19,-7.28,1,1.06,0.15,1.21,7.72,2.73
600797.SSE,2024-10-17,2024,主窗,True,-2.11,7.51,12.56,1,-2.11,-1.4,-7.72,5.48,3.15
600807.SSE,2021-12-03,2021,样本外,True,10.61,1.64,0.71,3,10.61,3.03,7.07,19.95,4.19
600816.SSE,2024-09-25,2024,主窗,False,-1.75,1.32,-2.31,0,-3.86,-1.75,4.21,0.0,
600828.SSE,2025-12-10,2025,主窗,True,0.42,6.57,17.09,1,0.42,-9.68,-8.56,9.96,1.83
600829.SSE,2023-08-16,2023,主窗,False,6.66,4.98,5.3,0,-3.06,6.66,6.99,0.0,
600833.SSE,2024-12-12,2024,主窗,True,1.81,4.45,-1.92,1,1.81,-0.69,-6.48,10.03,3.81
600843.SSE,2025-02-13,2025,主窗,False,3.76,18.62,6.39,0,-5.65,3.76,6.18,0.0,
600860.SSE,2021-11-22,2021,样本外,True,12.97,2.75,5.16,2,12.97,11.68,17.59,20.28,2.2
600880.SSE,2022-01-18,2022,样本外,False,-3.76,9.88,17.7,0,-12.47,-3.76,-10.54,0.0,
600892.SSE,2022-04-13,2022,样本外,True,-6.05,1.02,-3.59,1,-6.05,-12.59,-10.08,5.29,5.05
600936.SSE,2025-12-12,2025,主窗,True,-0.97,1.53,-4.09,2,-0.97,-6.33,-4.87,16.79,2.14
600979.SSE,2024-12-02,2024,主窗,True,1.35,9.64,7.26,2,1.35,11.56,6.36,18.88,1.4
600986.SSE,2024-12-16,2024,主窗,False,-15.25,5.96,9.72,0,-5.79,-15.25,-18.44,0.0,
601123.SSE,2026-09-21,2026,主窗,True,-4.91,22.49,,1,-4.91,-7.52,-8.9,4.81,2.25
601133.SSE,2026-05-18,2026,主窗,True,-2.35,5.94,4.99,1,-2.35,7.42,6.87,0.0,2.77
601238.SSE,2021-01-18,2021,样本外,False,-13.14,1.2,-12.16,0,-4.14,-13.14,-13.73,0.0,
601279.SSE,2023-12-01,2023,主窗,False,-10.75,10.32,4.32,0,-6.22,-10.75,-13.6,0.0,
601369.SSE,2021-03-22,2021,样本外,True,-3.71,2.01,3.74,1,-3.71,-6.35,-11.05,4.3,2.23
601512.SSE,2025-07-16,2025,主窗,True,-6.39,1.67,2.25,1,-6.39,-11.01,-11.78,0.0,4.71
601579.SSE,2025-05-27,2025,主窗,True,12.75,3.02,25.08,2,12.75,6.99,-0.26,14.15,1.94
601595.SSE,2023-03-09,2023,主窗,True,4.11,4.43,1.66,1,4.11,1.82,2.37,9.08,3.16
601678.SSE,2026-07-24,2026,主窗,False,3.22,6.47,-5.25,0,-4.39,3.22,-4.97,0.0,
601727.SSE,2024-11-05,2024,主窗,True,14.08,10.01,41.63,2,14.08,25.51,12.96,21.02,2.91
601801.SSE,2023-05-04,2023,主窗,True,17.11,3.65,8.69,2,17.11,12.86,6.08,20.78,2.74
601866.SSE,2025-05-15,2025,主窗,True,-6.62,3.45,4.22,1,-6.62,-5.57,-11.5,-1.05,2.62
601882.SSE,2021-08-23,2021,样本外,True,16.16,2.84,6.18,2,16.16,24.13,19.65,21.01,3.78
601900.SSE,2023-05-04,2023,主窗,True,9.6,6.72,40.8,1,9.6,11.28,1.72,9.9,1.04
601991.SSE,2026-05-07,2026,主窗,True,42.86,2.66,5.1,5,42.86,57.14,57.34,60.91,3.37
601992.SSE,2026-01-13,2026,主窗,True,-0.94,3.07,4.7,2,-0.94,-10.8,-13.15,11.74,2.9
603011.SSE,2024-03-15,2024,主窗,True,3.91,11.37,7.93,2,3.91,3.47,-3.26,20.96,4.28
603017.SSE,2024-04-18,2024,主窗,True,60.85,1.1,-13.84,6,60.85,67.33,50.59,77.24,4.0
603052.SSE,2026-01-06,2026,主窗,False,5.84,3.26,-1.24,0,-3.77,5.84,10.01,0.0,
603069.SSE,2025-12-22,2025,主窗,True,11.39,7.43,-12.43,2,11.39,5.22,15.73,17.3,4.6
603072.SSE,2025-03-25,2025,主窗,False,2.09,22.19,5.62,0,-7.19,2.09,-2.29,0.0,
603079.SSE,2024-11-21,2024,主窗,False,-7.01,7.3,15.24,0,-5.54,-7.01,-16.32,0.0,
603080.SSE,2021-03-29,2021,样本外,True,24.4,3.21,0.85,3,24.4,36.83,23.14,33.11,3.06
603083.SSE,2024-01-19,2024,主窗,True,-3.1,11.26,-10.31,1,-3.1,6.59,17.25,7.67,4.53
603102.SSE,2026-08-18,2026,主窗,False,-4.17,5.69,14.01,0,-12.88,-4.17,-7.58,0.0,
603108.SSE,2023-06-19,2023,主窗,True,11.83,6.74,9.97,2,11.83,5.74,7.63,18.27,2.47
603115.SSE,2025-07-17,2025,主窗,True,0.84,2.81,2.23,2,0.84,3.92,1.96,10.03,3.93
603115.SSE,2026-04-22,2026,主窗,True,9.32,3.55,4.11,1,9.32,9.24,9.45,10.01,2.4
603125.SSE,2025-07-01,2025,主窗,True,-2.12,10.52,4.76,1,-2.12,-11.0,-13.84,10.02,4.52
603126.SSE,2021-03-12,2021,样本外,True,0.0,10.84,33.63,1,0.0,6.09,-4.03,10.03,1.73
603126.SSE,2024-12-19,2024,主窗,True,-2.14,2.59,-1.68,1,-2.14,1.61,-3.08,9.92,6.31
603131.SSE,2024-03-06,2024,主窗,True,13.83,7.0,9.91,3,13.83,4.57,0.44,21.07,1.95
603158.SSE,2025-08-20,2025,主窗,True,-9.97,7.06,33.39,1,-9.97,-7.64,-3.11,-2.76,0.88
603168.SSE,2022-01-11,2022,样本外,True,-4.45,1.65,-0.31,1,-4.45,-6.9,2.45,-0.91,3.12
603169.SSE,2025-11-04,2025,主窗,True,0.38,3.77,4.07,1,0.38,1.04,11.2,9.11,2.62
603178.SSE,2021-01-27,2021,样本外,True,-1.96,1.25,-5.27,1,-1.96,-11.79,-16.96,10.03,8.99
603199.SSE,2022-02-07,2022,样本外,False,2.6,2.31,-5.42,0,-6.73,2.6,2.4,0.0,
603229.SSE,2021-11-22,2021,样本外,False,-1.05,2.09,14.56,0,-3.62,-1.05,5.94,0.0,
603238.SSE,2025-03-17,2025,主窗,True,-1.54,8.21,-1.14,1,-1.54,8.28,4.11,9.11,3.31
603248.SSE,2026-09-16,2026,主窗,True,19.4,11.17,-6.4,3,19.4,17.58,5.81,30.43,3.04
603256.SSE,2024-11-28,2024,主窗,True,1.0,1.47,-0.45,1,1.0,-1.3,-5.21,8.71,6.04
603256.SSE,2025-08-14,2025,主窗,True,18.85,4.01,6.13,2,18.85,19.85,23.2,21.02,1.18
603270.SSE,2023-09-19,2023,主窗,True,5.17,24.45,,2,5.17,-3.04,-5.02,21.01,2.27
603277.SSE,2026-08-13,2026,主窗,False,-11.41,0.82,1.08,0,-2.42,-11.41,-7.97,0.0,
603286.SSE,2024-10-08,2024,主窗,True,-8.23,15.56,16.19,1,-8.23,-13.56,-16.05,1.67,
603291.SSE,2023-05-29,2023,主窗,True,6.08,28.69,2.93,2,6.08,-4.54,-11.15,21.06,2.57
603326.SSE,2023-08-29,2023,主窗,True,59.39,0.68,-6.78,7,59.39,52.03,49.29,91.66,4.0
603330.SSE,2024-10-31,2024,主窗,False,-7.74,3.26,7.02,0,-2.19,-7.74,-10.36,0.0,
603332.SSE,2021-03-01,2021,样本外,True,1.96,21.12,4.95,1,1.96,5.62,3.13,9.78,3.07
603335.SSE,2023-06-09,2023,主窗,True,22.9,2.07,-2.22,3,22.9,10.59,5.14,33.18,7.11
603337.SSE,2026-08-03,2026,主窗,False,-3.18,1.52,1.83,0,-2.34,-3.18,-2.4,0.0,
603353.SSE,2025-06-16,2025,主窗,False,-5.74,8.57,2.32,0,-2.61,-5.74,-8.66,0.0,
603389.SSE,2024-03-25,2024,主窗,True,19.84,5.75,10.76,4,19.84,7.9,-0.48,40.32,1.6
603395.SSE,2026-08-18,2026,主窗,True,3.19,7.71,-3.37,2,16.24,4.63,-1.56,18.29,5.51
603458.SSE,2024-08-12,2024,主窗,True,14.04,4.91,1.23,3,14.04,2.68,-7.57,31.39,3.4
603496.SSE,2023-09-28,2023,主窗,True,6.62,16.47,25.35,2,6.62,13.25,24.58,18.56,2.38
603506.SSE,2025-12-11,2025,主窗,True,-10.03,4.17,-1.22,1,-10.03,-18.51,-15.55,-5.85,4.16
603528.SSE,2022-08-04,2022,样本外,True,4.99,1.6,0.76,2,4.99,15.52,21.46,19.43,5.22
603533.SSE,2026-09-01,2026,主窗,True,-2.82,8.78,-5.92,1,-2.82,-6.28,-3.42,3.82,3.24
603538.SSE,2026-04-09,2026,主窗,False,4.27,7.8,23.83,0,-4.33,4.27,1.07,0.0,
603580.SSE,2022-11-29,2022,样本外,False,1.13,5.74,6.39,0,-2.47,1.13,0.8,0.0,
603585.SSE,2026-03-30,2026,主窗,True,-2.67,1.78,-8.48,1,-2.67,-3.59,-2.32,-0.04,4.41
603598.SSE,2023-11-17,2023,主窗,True,31.71,13.93,8.88,5,31.71,18.56,6.69,61.01,2.43
603602.SSE,2024-10-18,2024,主窗,True,11.32,9.36,2.95,3,11.32,3.18,10.11,26.95,7.53
603607.SSE,2021-01-15,2021,样本外,True,-6.26,2.73,1.12,1,-6.26,-14.23,-15.13,6.58,3.6
603610.SSE,2024-12-19,2024,主窗,True,-6.14,2.99,2.91,1,-6.14,-11.81,-12.74,8.62,4.23
603616.SSE,2022-01-07,2022,样本外,True,2.31,3.87,9.9,2,2.31,0.37,8.16,20.95,3.21
603667.SSE,2024-12-02,2024,主窗,True,42.64,6.54,-10.27,5,42.64,36.68,45.63,61.03,3.25
603676.SSE,2022-07-14,2022,样本外,True,6.35,0.36,-6.61,1,6.35,1.89,12.1,10.04,4.96
603677.SSE,2023-07-12,2023,主窗,True,-1.0,1.84,0.89,2,-1.0,-5.01,-7.45,10.27,2.47
603698.SSE,2026-06-25,2026,主窗,False,5.96,3.66,4.38,0,-3.67,5.96,-2.99,0.0,
603708.SSE,2023-04-27,2023,主窗,True,7.58,0.75,-9.73,1,7.58,5.76,1.82,9.91,3.65
603717.SSE,2024-03-07,2024,主窗,False,-0.62,1.79,-6.29,0,-1.72,-0.62,5.15,0.0,
603721.SSE,2022-01-20,2022,样本外,False,-10.97,5.33,-3.3,0,-4.89,-10.97,-2.06,0.0,
603721.SSE,2023-12-01,2023,主窗,True,9.05,16.69,15.81,3,9.05,19.96,7.96,32.68,3.4
603737.SSE,2022-11-14,2022,样本外,False,-1.75,0.97,2.41,0,-2.59,-1.75,-2.02,0.0,
603757.SSE,2022-08-24,2022,样本外,True,-1.99,2.93,17.31,1,-1.99,-2.36,7.4,8.28,1.54
603777.SSE,2024-12-23,2024,主窗,True,21.4,2.08,-3.39,3,21.4,9.3,3.47,33.14,2.72
603809.SSE,2024-05-08,2024,主窗,False,-9.81,5.66,19.95,0,-5.18,-9.81,-12.16,0.0,
603811.SSE,2025-08-05,2025,主窗,True,5.41,12.95,6.06,1,5.41,2.03,12.23,10.0,2.43
603815.SSE,2022-03-21,2022,样本外,True,-5.51,23.31,0.12,1,-5.51,-10.17,-14.35,9.98,2.55
603819.SSE,2024-10-08,2024,主窗,False,-14.9,1.98,6.73,0,-5.41,-14.9,-16.6,0.0,
603819.SSE,2024-11-12,2024,主窗,True,7.29,2.59,6.51,1,7.29,-3.47,-6.36,10.0,4.11
603823.SSE,2026-09-08,2026,主窗,True,-8.55,3.27,-25.13,1,-8.55,-11.65,-14.94,4.95,2.96
603881.SSE,2022-02-21,2022,样本外,True,1.8,7.58,-6.41,1,1.8,0.4,-8.0,7.93,5.13
603883.SSE,2024-09-04,2024,主窗,True,19.78,6.12,-5.01,4,19.78,7.83,-2.97,25.79,0.48
603898.SSE,2025-12-03,2025,主窗,False,-11.95,2.3,4.02,0,-9.46,-11.95,-14.1,0.0,
603917.SSE,2022-06-24,2022,样本外,True,9.01,4.26,10.11,3,9.01,15.31,14.1,33.04,2.73
603917.SSE,2024-02-22,2024,主窗,True,5.95,1.3,-14.21,1,5.95,0.57,5.95,9.99,
603929.SSE,2026-03-16,2026,主窗,True,17.41,1.07,-8.1,2,17.41,13.29,19.37,17.49,1.66
603933.SSE,2025-10-17,2025,主窗,True,2.6,4.01,-1.78,2,6.61,17.27,5.56,14.41,2.89
603938.SSE,2026-06-23,2026,主窗,True,7.0,5.9,7.05,2,7.0,16.42,15.14,15.17,1.34
603948.SSE,2024-02-19,2024,主窗,True,-0.11,1.06,-21.82,1,-0.11,1.37,1.64,0.16,
603949.SSE,2025-02-26,2025,主窗,True,1.14,1.52,3.91,2,1.14,-8.9,-11.7,20.98,4.02
603968.SSE,2024-04-17,2024,主窗,False,0.73,2.79,0.97,0,-4.83,0.73,-5.63,0.0,
603989.SSE,2026-06-25,2026,主窗,True,4.19,4.57,27.62,1,4.19,0.47,-2.33,7.91,1.73
605016.SSE,2021-05-24,2021,样本外,True,1.35,16.06,,1,1.35,-6.23,-8.76,3.83,0.78
605028.SSE,2026-07-15,2026,主窗,True,0.62,0.51,-6.92,1,0.62,0.58,-3.22,8.54,5.71
605033.SSE,2025-01-03,2025,主窗,True,92.99,2.52,-7.53,9,92.99,73.68,56.29,125.84,1.91
605058.SSE,2025-01-20,2025,主窗,True,2.72,2.65,-2.32,1,2.72,3.78,-0.04,10.02,4.93
605060.SSE,2024-02-19,2024,主窗,True,0.57,1.67,-15.62,1,0.57,4.04,3.91,4.04,
605108.SSE,2022-01-13,2022,样本外,True,1.34,10.63,10.24,1,1.34,-0.12,-10.11,9.66,3.59
605151.SSE,2025-06-12,2025,主窗,True,-9.41,3.99,-2.35,1,-9.41,-14.26,-16.61,8.24,3.5
605162.SSE,2026-07-23,2026,主窗,True,2.25,2.32,-7.53,1,2.25,-0.71,9.23,6.51,4.19
605183.SSE,2021-01-26,2021,样本外,True,-1.0,11.04,-3.93,2,-1.0,-10.9,-14.17,14.8,2.94
605198.SSE,2026-06-15,2026,主窗,True,20.79,1.39,3.94,2,20.79,14.62,5.08,21.0,3.34
605208.SSE,2025-02-25,2025,主窗,True,3.63,6.46,8.51,1,3.63,14.03,9.52,10.01,3.57
605277.SSE,2021-08-27,2021,样本外,True,-2.8,10.1,0.63,1,-2.8,-2.8,-10.15,10.0,5.22
605277.SSE,2025-07-08,2025,主窗,True,4.53,15.76,14.67,1,4.53,11.73,8.93,7.91,1.82
605366.SSE,2021-08-26,2021,样本外,True,-5.51,15.48,17.38,1,-5.51,-13.82,-11.72,-0.11,1.4
605398.SSE,2024-02-19,2024,主窗,True,9.62,3.41,-36.75,2,9.62,20.6,30.38,18.96,
605398.SSE,2025-01-23,2025,主窗,True,128.44,6.53,-3.09,9,128.44,105.59,85.65,135.89,6.7
605577.SSE,2023-12-12,2023,主窗,True,8.1,20.9,34.31,1,8.1,9.86,4.44,10.0,1.39
