格子,主窗n,胜率,主窗E3,OOSn,OOS_E3,与G1S1重叠
地基阴阳=阴×今开细=8.5~9.5×首板开档=低开,40,65.0,10.52,17,3.89,39
地基阴阳=阴×今开细=8.5~9.5×首板板型=下影,52,65.4,8.87,18,0.41,50
今开细=8.5~9.5×前10档=涨0~10×位置五档=低位,31,61.3,8.17,25,0.11,18
地基阴阳=阴×今开细=8.5~9.5×前10档=涨0~10,40,60.0,7.78,23,3.28,40
今开细=7.5~8.5×换手档=<5×距MA20档=深坑<-5,25,60.0,7.59,15,2.87,24
地基阴阳=阴×今开细=8.5~9.5×位置五档=低位,53,54.7,7.4,31,1.84,52
今开细=7.5~8.5×前10档=跌3+×底盘纯度=纯底盘,37,54.1,6.72,16,1.24,37
地基阴阳=阴×今开细=8.5~9.5×底盘纯度=前波连板,31,74.2,6.21,13,1.08,31
今开细=7.5~8.5×换手档=<5×前10档=跌3+,45,64.4,6.04,29,2.54,45
今开细=7.5~8.5×距MA20档=深坑<-5×前10档=跌3+,35,57.1,5.66,21,1.88,35
今开细=7.5~8.5×首板开档=7+高开×位置五档=低位,23,56.5,5.56,10,0.95,18
地基阴阳=阴×今开细=8.5~9.5×换手档=<5,52,53.8,5.31,32,1.44,51
地基阴阳=阴×今开细=8.5~9.5×距MA20档=5+上方,43,58.1,5.18,12,4.55,43
地基阴阳=阴×今开细=7.5~8.5×距MA20档=5+上方,53,67.9,5.16,23,5.94,53
今开细=7.5~8.5×前10档=跌3+×位置五档=低位,48,50.0,5.04,24,0.42,48
今开细=7.5~8.5×距MA20档=5+上方×底盘纯度=前波连板,65,64.6,5.03,24,0.16,29
今开细=7.5~8.5×底盘纯度=前波连板×首板板型=下影,54,53.7,4.87,35,3.06,30
今开细=7.5~8.5×首板开档=低开×底盘纯度=前波连板,49,61.2,4.75,19,0.43,27
地基阴阳=阴×今开细=7.5~8.5×首板板型=下影,72,54.2,4.62,36,2.07,72
今开细=7.5~8.5×换手档=8+×首板板型=下影,73,52.1,4.56,39,0.52,33
今开细=8.5~9.5×首板开档=低开×首板板型=实体,34,47.1,4.48,22,4.25,19
今开细=7.5~8.5×前10档=10+×位置五档=低位,37,64.9,4.45,9,2.23,24
地基阴阳=阴×今开细=7.5~8.5×前10档=10+,41,65.9,4.44,19,5.4,41
地基阴阳=阴×今开细=7.5~8.5×底盘纯度=前波连板,52,61.5,4.17,15,4.59,52
今开细=7.5~8.5×距MA20档=-5~0×前10档=跌3+,38,47.4,3.86,22,0.67,38
今开细=7.5~8.5×首板开档=0~3×首板板型=下影,77,42.9,3.72,47,0.1,43
今开细=低开平开×距MA20档=-5~0×前10档=跌3+,59,44.1,3.65,36,2.51,0
今开细=8.5~9.5×位置五档=低位×首板板型=实体,42,50.0,3.59,32,0.46,24
今开细=7.5~8.5×距MA20档=5+上方×位置五档=低位,53,64.2,3.58,12,3.01,28
今开细=7.5~8.5×首板开档=0~3×换手档=8+,46,43.5,3.43,24,3.87,25
今开细=4~7.5×换手档=<5×位置五档=跌透,139,53.2,3.32,82,0.04,0
今开细=低开平开×距MA20档=深坑<-5×底盘纯度=纯底盘,41,51.2,3.29,13,2.45,0
今开细=7.5~8.5×首板开档=0~3×距MA20档=5+上方,54,48.1,3.28,22,1.44,19
地基阴阳=阳×今开细=低开平开×前10档=跌3+,103,40.8,3.28,47,0.54,0
地基阴阳=阴×今开细=8.5~9.5×位置五档=半山,38,52.6,3.18,17,1.12,37
今开细=7.5~8.5×位置五档=低位×底盘纯度=前波连板,63,60.3,3.13,22,2.22,42
今开细=低开平开×前10档=跌3+×底盘纯度=纯底盘,65,46.2,3.12,21,0.02,0
地基阴阳=阳×今开细=7.5~8.5×前10档=跌3+,37,45.9,3.02,28,3.39,37
今开细=低开平开×前10档=跌3+×底盘纯度=孤立板,75,38.7,2.98,34,2.53,0
今开细=低开平开×位置五档=半山×底盘纯度=纯底盘,106,50.0,2.95,46,4.1,0
今开细=4~7.5×前10档=跌3+×位置五档=半山,33,45.5,2.83,11,0.22,0
首板开档=低开×前10档=跌3+×底盘纯度=纯底盘,244,50.4,2.82,86,1.1,11
地基阴阳=阴×距MA20档=深坑<-5×底盘纯度=纯底盘,251,55.4,2.42,87,1.25,20
首板开档=低开×换手档=<5×前10档=跌3+,303,49.5,2.37,167,0.69,16
地基阴阳=阳×今开细=低开平开×底盘纯度=纯底盘,146,43.2,2.33,70,1.06,0
地基阴阳=阴×距MA20档=深坑<-5×首板板型=下影,432,51.6,2.0,197,0.41,24
距MA20档=深坑<-5×前10档=跌3+×底盘纯度=纯底盘,336,50.3,1.95,160,2.02,22
距MA20档=深坑<-5×位置五档=跌透×底盘纯度=孤立板,196,50.0,1.93,80,0.93,11
今开细=4~7.5×位置五档=跌透×首板板型=下影,172,50.6,1.92,88,0.04,1
今开细=7.5~8.5×距MA20档=5+上方×前10档=10+,112,50.9,1.88,37,0.2,39
地基阴阳=阴×换手档=<5×距MA20档=深坑<-5,391,51.9,1.86,217,1.03,28
首板开档=0~3×距MA20档=0~5骑线×位置五档=低位,358,41.1,1.86,237,0.32,17
今开细=0~4×首板开档=3~7×底盘纯度=前波连板,77,48.1,1.84,43,1.79,0
地基阴阳=阴×今开细=4~7.5×前10档=跌3+,287,46.7,1.83,145,0.38,1
今开细=4~7.5×距MA20档=深坑<-5×底盘纯度=孤立板,93,48.4,1.8,58,0.94,1
首板开档=0~3×前10档=跌3+×位置五档=跌透,281,48.8,1.76,145,1.23,11
地基阴阳=阴×距MA20档=深坑<-5×前10档=跌3+,612,50.8,1.73,287,0.42,43
换手档=5~8×距MA20档=深坑<-5×首板板型=下影,131,46.6,1.73,67,0.02,6
位置五档=跌透×底盘纯度=纯底盘×首板板型=实体,80,51.2,1.72,38,1.89,6
前10档=跌3+×位置五档=跌透×底盘纯度=孤立板,213,47.4,1.65,105,0.9,10
首板开档=0~3×前10档=跌3+×底盘纯度=纯底盘,242,45.9,1.64,138,2.5,17
距MA20档=深坑<-5×位置五档=低位×底盘纯度=纯底盘,158,42.4,1.62,95,3.98,13
距MA20档=深坑<-5×位置五档=跌透×首板板型=下影,411,53.8,1.61,169,0.51,13
换手档=<5×前10档=跌3+×首板板型=实体,287,41.8,1.61,209,2.59,25
地基阴阳=阴×首板开档=0~3×前10档=跌3+,416,45.2,1.6,230,0.01,26
距MA20档=-5~0×前10档=跌3+×底盘纯度=纯底盘,241,39.4,1.55,138,0.14,23
换手档=<5×前10档=跌3+×底盘纯度=纯底盘,405,46.2,1.54,247,1.73,33
前10档=跌3+×位置五档=跌透×首板板型=下影,426,51.6,1.53,211,0.01,12
地基阴阳=阴×换手档=5~8×位置五档=低位,381,41.7,1.53,209,0.65,34
地基阴阳=阳×首板开档=低开×距MA20档=-5~0,268,39.2,1.5,156,0.5,6
换手档=<5×距MA20档=深坑<-5×底盘纯度=纯底盘,264,49.6,1.48,141,3.55,18
今开细=4~7.5×换手档=<5×前10档=跌3+,250,46.8,1.47,152,0.87,0
地基阴阳=阴×换手档=5~8×前10档=跌3+,207,44.0,1.47,89,0.31,12
今开细=低开平开×首板开档=低开×位置五档=半山,164,43.9,1.44,95,0.01,0
地基阴阳=阴×今开细=4~7.5×距MA20档=深坑<-5,189,49.7,1.41,94,0.99,1
今开细=0~4×距MA20档=深坑<-5×底盘纯度=纯底盘,162,51.2,1.4,77,2.07,0
换手档=<5×前10档=跌3+×位置五档=跌透,359,51.3,1.4,190,0.81,18
地基阴阳=阴×换手档=<5×前10档=跌3+,523,48.0,1.39,320,1.06,42
首板开档=0~3×换手档=<5×前10档=跌3+,345,44.9,1.39,257,1.92,22
距MA20档=深坑<-5×前10档=跌3+×位置五档=跌透,568,51.6,1.39,256,0.67,28
前10档=跌3+×位置五档=低位×底盘纯度=纯底盘,343,39.4,1.37,194,1.63,31
首板开档=低开×换手档=<5×距MA20档=-5~0,212,36.8,1.36,148,0.37,13
换手档=<5×距MA20档=深坑<-5×首板板型=实体,191,45.5,1.36,118,3.12,20
首板开档=0~3×距MA20档=深坑<-5×前10档=跌3+,404,46.5,1.34,213,1.78,20
地基阴阳=阴×首板开档=0~3×距MA20档=深坑<-5,286,48.3,1.32,132,0.59,18
今开细=4~7.5×距MA20档=深坑<-5×首板板型=下影,172,50.6,1.31,91,1.39,1
地基阴阳=阴×位置五档=跌透×底盘纯度=孤立板,182,45.6,1.3,94,0.67,16
今开细=4~7.5×换手档=<5×底盘纯度=纯底盘,346,43.9,1.27,217,1.16,0
首板开档=低开×位置五档=低位×底盘纯度=纯底盘,341,37.5,1.25,190,0.95,10
换手档=<5×距MA20档=深坑<-5×前10档=跌3+,563,47.4,1.23,334,1.45,33
地基阴阳=阴×换手档=5~8×距MA20档=0~5骑线,225,40.0,1.23,123,0.63,10
位置五档=跌透×底盘纯度=孤立板×首板板型=下影,243,44.9,1.21,101,0.75,11
换手档=<5×前10档=跌3+×首板板型=下影,515,45.8,1.16,322,0.41,26
首板开档=0~3×前10档=跌3+×位置五档=低位,379,41.2,1.16,265,0.44,25
距MA20档=深坑<-5×前10档=跌3+×底盘纯度=孤立板,333,43.5,1.15,174,0.16,17
今开细=8.5~9.5×首板开档=低开×前10档=10+,28,46.4,1.11,11,2.86,12
地基阴阳=阴×首板开档=3~7×换手档=8+,139,44.6,1.06,51,0.29,11
首板开档=0~3×距MA20档=深坑<-5×底盘纯度=孤立板,147,42.9,1.05,71,0.69,6
今开细=0~4×距MA20档=深坑<-5×首板板型=实体,135,47.4,1.05,94,0.08,0
地基阴阳=阳×今开细=低开平开×位置五档=半山,237,39.2,1.04,111,0.69,0
今开细=4~7.5×首板开档=0~3×位置五档=跌透,118,45.8,0.98,63,1.09,1
地基阴阳=阴×今开细=0~4×首板开档=3~7,104,39.4,0.89,66,1.42,0
首板开档=0~3×前10档=涨0~10×位置五档=低位,488,41.2,0.87,306,0.66,19
地基阴阳=阴×首板开档=0~3×位置五档=低位,653,40.1,0.78,397,0.51,50
首板开档=0~3×距MA20档=深坑<-5×首板板型=实体,144,41.0,0.67,83,4.19,10
今开细=4~7.5×换手档=5~8×位置五档=低位,206,38.8,0.55,123,0.56,1
地基阴阳=阴×今开细=0~4×前10档=跌3+,433,45.0,0.36,231,0.56,0
