分组,档,笔数,胜率断板%,断板均值,胜率E3%,E3均值,E3中位,封板率%,分年E3
地基阴阳,阳,4772,33.6,-1.36,34.4,-1.57,-3.34,60.0,2023:665笔-0.74 / 2024:1837笔-3.14 / 2025:1329笔-0.89 / 2026:941笔-0.04
地基阴阳,阴,3404,39.0,0.17,40.0,0.04,-1.92,64.2,2023:496笔-0.28 / 2024:1143笔+0.38 / 2025:914笔-0.29 / 2026:851笔+0.14
位置五档(地基收盘距60高),低位,3509,35.7,-0.23,36.6,-0.43,-2.58,63.4,2023:499笔-0.12 / 2024:1196笔-0.94 / 2025:972笔-0.06 / 2026:842笔-0.33
位置五档(地基收盘距60高),半山,3533,33.9,-1.4,35.0,-1.58,-3.47,58.0,2023:583笔-0.97 / 2024:1239笔-3.04 / 2025:1112笔-1.10 / 2026:599笔-0.05
位置五档(地基收盘距60高),缺数据,23,30.4,-2.89,30.4,-2.78,-3.49,73.9,2023:11笔-3.13 / 2024:9笔-3.53 / 2025:1笔-7.79 / 2026:2笔+5.04
位置五档(地基收盘距60高),贴顶,36,13.9,-7.89,13.9,-7.9,-9.96,69.4,2023:6笔-8.12 / 2024:25笔-8.73 / 2025:5笔-3.50
位置五档(地基收盘距60高),跌透,1075,43.6,0.19,44.0,0.12,-0.89,68.2,2023:62笔+1.30 / 2024:511笔-0.37 / 2025:153笔-0.93 / 2026:349笔+1.09
底盘纯度(60日板史),前波连板,2457,39.5,-0.26,40.5,-0.45,-1.74,64.9,2023:317笔-0.25 / 2024:803笔-0.84 / 2025:731笔-0.58 / 2026:606笔+0.13
底盘纯度(60日板史),孤立板,3060,35.2,-0.71,36.0,-0.94,-2.78,60.3,2023:414笔-0.81 / 2024:1077笔-2.06 / 2025:846笔-0.45 / 2026:723笔+0.09
底盘纯度(60日板史),纯底盘,2659,33.3,-1.16,34.2,-1.26,-3.37,60.5,2023:430笔-0.50 / 2024:1100笔-2.21 / 2025:666笔-0.96 / 2026:463笔-0.13
首板板型,T字,151,34.4,-1.15,34.4,-1.53,-3.46,58.9,2023:13笔-3.35 / 2024:55笔-2.66 / 2025:46笔-1.54 / 2026:37笔+0.79
首板板型,一字,346,32.4,-1.99,32.4,-2.19,-3.89,59.5,2023:60笔-2.20 / 2024:114笔-4.14 / 2025:86笔-1.76 / 2026:86笔-0.03
首板板型,下影,5092,35.2,-0.84,36.0,-1.02,-2.9,61.6,2023:695笔-0.29 / 2024:1921笔-2.26 / 2025:1379笔-0.40 / 2026:1097笔-0.06
首板板型,实体,2587,37.7,-0.3,38.9,-0.45,-2.02,62.4,2023:393笔-0.64 / 2024:890笔-0.41 / 2025:732笔-0.93 / 2026:572笔+0.21
今开六档,0~2,1397,35.9,-0.14,36.9,-0.21,-2.53,60.0,2023:207笔-0.63 / 2024:447笔+0.16 / 2025:408笔-1.22 / 2026:335笔+0.80
今开六档,2~4,1567,38.9,-0.33,39.7,-0.5,-1.7,64.0,2023:241笔-1.08 / 2024:508笔-1.06 / 2025:445笔-0.08 / 2026:373笔+0.15
今开六档,4~7,2026,37.8,-0.23,38.8,-0.38,-2.0,66.0,2023:298笔-0.46 / 2024:630笔-0.08 / 2025:587笔-0.79 / 2026:511笔-0.21
今开六档,7~9.5,795,44.9,1.51,46.2,1.32,-0.84,71.1,2023:125笔+2.98 / 2024:270笔+0.77 / 2025:224笔+1.10 / 2026:176笔+1.28
今开六档,低开,691,34.3,-0.54,34.6,-0.79,-2.83,60.3,2023:100笔-0.67 / 2024:228笔-1.55 / 2025:206笔-0.48 / 2026:157笔-0.16
今开六档,顶格,1700,27.2,-3.26,27.9,-3.54,-6.54,52.2,2023:190笔-2.15 / 2024:897笔-5.20 / 2025:373笔-1.60 / 2026:240笔-1.39
均线形态,乱,4709,35.9,-0.51,36.8,-0.65,-2.4,63.4,2023:651笔+0.03 / 2024:1733笔-1.81 / 2025:1196笔-0.05 / 2026:1129笔+0.08
均线形态,多头,3467,35.8,-1.0,36.7,-1.23,-3.06,59.5,2023:510笔-1.27 / 2024:1247笔-1.77 / 2025:1047笔-1.33 / 2026:663笔-0.01
首板量比,<1缩量,2117,38.7,-0.36,39.6,-0.51,-1.81,60.7,2023:221笔-0.74 / 2024:673笔-0.76 / 2025:580笔-1.12 / 2026:643笔+0.39
首板量比,1~2,4537,35.5,-0.95,36.5,-1.13,-2.86,60.4,2023:633笔-0.72 / 2024:1809笔-2.26 / 2025:1191笔-0.41 / 2026:904笔-0.07
首板量比,2~3,1347,32.7,-0.63,33.3,-0.82,-3.47,66.4,2023:245笔+0.09 / 2024:464笔-1.44 / 2025:406笔-0.96 / 2026:232笔-0.30
首板量比,3~5,175,33.7,0.12,34.3,-0.23,-3.29,73.7,2023:62笔-0.51 / 2024:34笔-1.49 / 2025:66笔+1.25 / 2026:13笔-3.08
首板换手,<5,2982,34.3,-1.11,35.0,-1.2,-3.16,58.0,2023:345笔-0.33 / 2024:1315笔-2.40 / 2025:627笔-0.82 / 2026:695笔+0.29
首板换手,5~10,2586,36.2,-0.51,36.9,-0.76,-2.54,62.6,2023:362笔-0.25 / 2024:913笔-1.67 / 2025:745笔-0.63 / 2026:566笔+0.23
首板换手,10~15,1259,36.5,-0.87,38.2,-1.0,-2.45,63.9,2023:195笔-1.01 / 2024:387笔-1.83 / 2025:388笔-0.14 / 2026:289笔-1.01
首板换手,15~25,964,37.0,-0.27,37.8,-0.62,-2.26,64.6,2023:181笔-0.56 / 2024:241笔-0.24 / 2025:352笔-1.03 / 2026:190笔-0.41
首板换手,25+,385,40.3,0.27,41.6,0.18,-2.24,70.1,2023:78笔-1.66 / 2024:124笔+0.95 / 2025:131笔-0.31 / 2026:52笔+2.29
首板开口深度,0未开口,346,32.4,-1.99,32.4,-2.19,-3.89,59.5,2023:60笔-2.20 / 2024:114笔-4.14 / 2025:86笔-1.76 / 2026:86笔-0.03
首板开口深度,0~1,58,43.1,0.01,43.1,-1.15,-1.89,51.7,2023:8笔-1.28 / 2024:11笔-1.77 / 2025:18笔-1.32 / 2026:21笔-0.63
首板开口深度,1~3,143,37.8,0.55,37.1,0.52,-1.93,61.5,2023:10笔+4.33 / 2024:41笔-0.24 / 2025:48笔-2.05 / 2026:44笔+3.18
首板开口深度,3+深砸,7629,35.9,-0.69,36.9,-0.86,-2.62,61.9,2023:1083笔-0.49 / 2024:2814笔-1.72 / 2025:2091笔-0.56 / 2026:1641笔-0.03
首板破60日高,False,4939,37.5,-0.12,38.3,-0.31,-2.13,64.1,2023:608笔+0.20 / 2024:1824笔-0.83 / 2025:1252笔-0.25 / 2026:1255笔+0.15
首板破60日高,True,3214,33.4,-1.62,34.4,-1.79,-3.6,58.1,2023:542笔-1.33 / 2024:1147笔-3.30 / 2025:990笔-1.14 / 2026:535笔-0.22
