月,笔数,E3均值
2023-01,91,-0.6071428571428572
2023-02,71,-2.3216901408450705
2023-03,57,-1.0829824561403507
2023-04,75,3.7533333333333334
2023-05,100,0.4298000000000001
2023-06,127,-0.5061417322834647
2023-07,103,-1.399126213592233
2023-08,96,-1.3389583333333333
2023-09,76,-0.9481578947368421
2023-10,106,-0.5645283018867924
2023-11,142,-0.9869718309859156
2023-12,117,-0.5571794871794873
2024-01,160,-1.8279374999999998
2024-02,255,1.6727058823529413
2024-03,229,-1.696244541484716
2024-04,156,-3.221217948717949
2024-05,119,-3.0585714285714287
2024-06,63,-3.5476190476190474
2024-07,128,-1.531796875
2024-08,135,-3.6331851851851855
2024-09,188,4.253776595744681
2024-10,770,-5.201259740259741
2024-11,412,1.6393446601941746
2024-12,365,-2.1086575342465754
2025-01,161,-2.314596273291926
2025-02,202,-1.319207920792079
2025-03,174,-2.4901149425287357
2025-04,182,-0.3685714285714285
2025-05,184,0.639891304347826
2025-06,161,-1.0589440993788821
2025-07,217,-1.0873271889400922
2025-08,224,0.9441071428571429
2025-09,187,-0.6480748663101604
2025-10,142,-0.10718309859154934
2025-11,196,-0.9092857142857143
2025-12,213,0.39647887323943665
2026-01,228,0.77
2026-02,102,0.9911764705882352
2026-03,184,-0.6071195652173913
2026-04,163,0.7339263803680981
2026-05,199,0.5584422110552764
2026-06,271,0.029077490774907715
2026-07,233,-1.721931330472103
2026-08,225,1.6810666666666667
2026-09,196,-1.6140106951871658
