代码,买入日,口诀,首触,E3%,年,封住
000025.SZSE,2025-04-17,G1,09:45,4.31,2025,True
000070.SZSE,2026-06-23,G1,09:45,1.0,2026,True
000402.SZSE,2026-04-30,G1,09:45,5.68,2026,True
000421.SZSE,2024-11-28,G1,09:45,-3.62,2024,True
000525.SZSE,2025-06-18,G1,09:45,-20.95,2025,False
000539.SZSE,2026-05-28,G1,09:45,13.14,2026,True
000592.SZSE,2025-10-24,G1,09:45,41.85,2025,True
000620.SZSE,2025-11-04,G1,09:45,12.67,2025,True
000633.SZSE,2025-11-14,G1,09:45,-8.38,2025,True
000678.SZSE,2025-04-24,G1,09:45,-8.91,2025,False
000681.SZSE,2025-01-27,G1,09:45,4.8,2025,False
000710.SZSE,2026-08-21,G1,09:45,-5.92,2026,True
000788.SZSE,2026-04-02,G1,09:45,-1.25,2026,True
000799.SZSE,2024-09-27,G1,09:45,18.22,2024,True
000819.SZSE,2025-10-10,G1,10:00,-2.63,2025,True
000823.SZSE,2026-09-08,G1,09:45,-3.02,2026,False
000880.SZSE,2024-12-23,S1,09:45,6.32,2024,True
000889.SZSE,2026-05-07,G1,09:45,1.12,2026,True
000952.SZSE,2026-01-06,G1,09:45,-7.76,2026,False
000969.SZSE,2025-10-28,G1,09:45,2.35,2025,True
000981.SZSE,2026-09-15,G1,09:45,-12.74,2026,False
001202.SZSE,2026-01-13,G1,09:45,-2.88,2026,True
001255.SZSE,2026-01-13,G1,09:45,19.79,2026,True
001270.SZSE,2026-07-06,G1,09:45,-7.82,2026,False
001313.SZSE,2024-10-08,G1,09:45,-15.75,2024,False
001389.SZSE,2026-09-22,G1,09:45,-6.0,2026,False
001395.SZSE,2026-07-10,G1,09:45,5.45,2026,True
002036.SZSE,2026-05-22,G1,14:00,0.19,2026,True
002040.SZSE,2025-06-11,S1,13:30,-8.75,2025,False
002052.SZSE,2025-08-12,G1,09:45,14.63,2025,True
002131.SZSE,2024-11-28,G1,09:45,70.36,2024,True
002141.SZSE,2026-07-15,G1,09:45,5.35,2026,True
002148.SZSE,2025-08-12,G1,09:45,12.14,2025,True
002150.SZSE,2025-10-30,G1,09:45,-5.27,2025,True
002160.SZSE,2026-01-29,G1,09:45,-12.35,2026,False
002161.SZSE,2024-11-20,G1,09:45,8.89,2024,True
002163.SZSE,2025-12-22,G1,09:45,29.33,2025,True
002192.SZSE,2026-03-25,S1,09:45,27.18,2026,True
002201.SZSE,2026-01-20,G1,09:45,-9.61,2026,True
002205.SZSE,2025-08-11,S1,09:45,-1.52,2025,True
002229.SZSE,2024-10-25,G1,14:45,6.61,2024,True
002229.SZSE,2026-08-12,G1,09:45,5.73,2026,True
002261.SZSE,2025-02-06,G1,10:15,47.77,2025,True
002281.SZSE,2024-12-20,G1,10:00,-1.43,2024,True
002295.SZSE,2025-10-09,G1,09:45,-9.37,2025,True
002297.SZSE,2025-12-25,G1,09:45,0.0,2025,True
002298.SZSE,2025-04-28,G1,09:45,2.04,2025,True
002300.SZSE,2025-12-03,S1,09:45,21.26,2025,True
002314.SZSE,2025-07-03,G1,09:45,-7.57,2025,True
002402.SZSE,2025-08-25,G1,09:45,1.91,2025,True
002403.SZSE,2026-09-04,G1,09:45,10.02,2026,True
002407.SZSE,2026-06-30,G1,09:45,9.14,2026,True
002448.SZSE,2025-02-07,G1,09:45,1.9,2025,True
002453.SZSE,2024-10-31,G1,09:45,17.13,2024,True
002458.SZSE,2026-07-02,S1,09:45,-3.72,2026,True
002471.SZSE,2025-05-23,G1,09:45,16.99,2025,True
002524.SZSE,2025-02-17,G1,09:45,-7.52,2025,True
002537.SZSE,2025-06-24,G1,09:45,6.33,2025,True
002552.SZSE,2026-05-19,G1,09:45,-3.78,2026,True
002552.SZSE,2026-05-25,G1,09:45,15.37,2026,True
002560.SZSE,2025-10-16,G1,09:45,-7.37,2025,True
002560.SZSE,2026-09-14,G1,09:45,1.98,2026,True
002564.SZSE,2026-09-07,G1,09:45,-0.18,2026,True
002578.SZSE,2025-01-17,G1,09:45,-6.59,2025,True
002585.SZSE,2026-05-25,G1,09:45,8.81,2026,True
002585.SZSE,2026-06-16,G1,09:45,6.07,2026,True
002585.SZSE,2026-09-14,S1,09:45,11.04,2026,True
002589.SZSE,2026-04-16,G1,09:45,-13.16,2026,False
002593.SZSE,2025-11-17,G1,09:45,-8.5,2025,True
002605.SZSE,2024-11-14,G1,09:45,-2.16,2024,True
002640.SZSE,2026-05-06,S1,09:45,2.24,2026,True
002642.SZSE,2025-09-12,G1,09:45,1.27,2025,False
002658.SZSE,2025-11-10,S1,09:45,-7.91,2025,False
002679.SZSE,2025-12-08,G1,09:45,-7.29,2025,True
002713.SZSE,2024-12-06,G1,09:45,0.99,2024,True
002730.SZSE,2024-12-23,S1,09:45,31.84,2024,True
002738.SZSE,2026-07-01,G1,09:45,0.92,2026,True
002766.SZSE,2026-01-05,G1,09:45,6.31,2026,True
002809.SZSE,2025-04-18,G1,09:45,-0.52,2025,True
002835.SZSE,2025-02-11,G1,09:45,-5.58,2025,True
002865.SZSE,2025-12-15,G1,09:45,-11.25,2025,False
002865.SZSE,2026-01-23,G1,09:45,8.0,2026,True
002870.SZSE,2024-12-02,G1,09:45,-9.42,2024,False
002900.SZSE,2026-07-23,G1,10:15,-5.79,2026,True
002907.SZSE,2025-05-28,G1,13:30,20.71,2025,True
002908.SZSE,2025-08-11,G1,11:00,-9.93,2025,True
002917.SZSE,2025-07-22,G1,09:45,-6.04,2025,True
002923.SZSE,2026-04-02,G1,09:45,-17.62,2026,False
003002.SZSE,2025-07-22,G1,09:45,-0.38,2025,True
003016.SZSE,2025-12-25,S1,09:45,-9.51,2025,False
003018.SZSE,2025-11-25,G1,09:45,45.04,2025,True
600076.SSE,2025-02-27,G1,09:45,-0.8,2025,True
600088.SSE,2026-09-14,G1,09:45,-2.04,2026,True
600113.SSE,2025-11-11,G1,09:45,12.31,2025,True
600148.SSE,2024-11-19,G1,09:45,4.78,2024,True
600172.SSE,2024-10-31,G1,09:45,-9.95,2024,True
600172.SSE,2025-10-21,G1,09:45,10.11,2025,True
600203.SSE,2025-08-05,G1,09:45,18.68,2025,True
600249.SSE,2025-04-14,S1,09:45,18.09,2025,True
600250.SSE,2025-12-18,G1,09:45,-0.14,2025,True
600268.SSE,2025-07-22,G1,09:45,-3.04,2025,True
600281.SSE,2024-10-23,G1,10:15,-7.29,2024,False
600292.SSE,2024-11-08,G1,09:45,6.74,2024,True
600307.SSE,2024-10-31,G1,09:45,-2.99,2024,True
600353.SSE,2026-07-10,G1,09:45,-15.08,2026,False
600397.SSE,2025-05-19,G1,09:45,-5.48,2025,False
600403.SSE,2025-03-14,G1,09:45,-2.16,2025,True
600488.SSE,2026-09-29,G1,09:45,-3.04,2026,True
600545.SSE,2026-05-11,G1,09:45,0.66,2026,True
600571.SSE,2025-04-22,G1,09:45,0.79,2025,True
600579.SSE,2024-10-25,G1,10:30,8.92,2024,True
600579.SSE,2024-12-19,G1,09:45,-1.01,2024,True
600620.SSE,2025-07-17,G1,09:45,7.95,2025,True
600629.SSE,2025-07-21,G1,09:45,5.79,2025,True
600629.SSE,2025-09-12,S1,09:45,16.45,2025,True
600654.SSE,2024-11-14,G1,09:45,13.08,2024,True
600658.SSE,2025-08-13,G1,09:45,8.4,2025,True
600722.SSE,2026-07-20,G1,09:45,-3.94,2026,True
600724.SSE,2024-10-28,G1,09:45,-6.26,2024,True
600729.SSE,2025-02-27,S1,09:45,-7.13,2025,True
600744.SSE,2026-07-20,G1,09:45,20.12,2026,True
600778.SSE,2024-12-11,G1,09:45,33.56,2024,True
600787.SSE,2025-04-09,G1,14:15,1.06,2025,True
600797.SSE,2024-10-17,G1,09:45,-2.11,2024,True
600816.SSE,2024-09-25,G1,09:45,-1.75,2024,False
600828.SSE,2025-12-10,G1,09:45,0.42,2025,True
600833.SSE,2024-12-12,G1,09:45,1.81,2024,True
600843.SSE,2025-02-13,G1,09:45,3.76,2025,False
600859.SSE,2025-04-10,S1,09:45,-0.56,2025,True
600936.SSE,2025-12-12,G1,10:00,-0.97,2025,True
600939.SSE,2025-06-05,S1,09:45,4.56,2025,False
600979.SSE,2024-12-02,G1,09:45,1.35,2024,True
600986.SSE,2024-12-16,G1,09:45,-15.25,2024,False
601123.SSE,2026-09-21,G1,09:45,-4.91,2026,True
601133.SSE,2026-05-18,G1,09:45,-2.35,2026,True
601512.SSE,2025-07-16,G1,09:45,-6.39,2025,True
601579.SSE,2025-05-27,G1,09:45,12.75,2025,True
601678.SSE,2026-07-24,G1,09:45,3.22,2026,False
601727.SSE,2024-11-05,G1,09:45,14.08,2024,True
601866.SSE,2025-05-15,G1,09:45,-6.62,2025,True
601991.SSE,2026-05-07,G1,09:45,42.86,2026,True
601992.SSE,2026-01-13,G1,09:45,-0.94,2026,True
603052.SSE,2026-01-06,G1,09:45,5.84,2026,False
603069.SSE,2025-12-22,G1,09:45,11.39,2025,True
603072.SSE,2025-03-25,G1,09:45,2.09,2025,False
603079.SSE,2024-11-21,G1,10:30,-7.01,2024,False
603093.SSE,2025-06-26,S1,13:15,6.99,2025,True
603095.SSE,2026-04-28,S1,09:45,15.36,2026,True
603102.SSE,2026-08-18,G1,09:45,-4.17,2026,False
603115.SSE,2025-07-17,G1,09:45,0.84,2025,True
603115.SSE,2026-04-22,G1,09:45,9.32,2026,True
603125.SSE,2025-07-01,G1,09:45,-2.12,2025,True
603126.SSE,2024-12-19,G1,09:45,-2.14,2024,True
603158.SSE,2025-08-20,G1,09:45,-9.97,2025,True
603169.SSE,2025-11-04,G1,09:45,0.38,2025,True
603238.SSE,2025-03-17,G1,09:45,-1.54,2025,True
603248.SSE,2026-09-16,G1,09:45,19.4,2026,True
603256.SSE,2024-11-28,G1,09:45,1.0,2024,True
603256.SSE,2025-08-14,G1,09:45,18.85,2025,True
603277.SSE,2026-08-13,G1,09:45,-11.41,2026,False
603286.SSE,2024-10-08,G1,14:30,-8.23,2024,True
603330.SSE,2024-10-31,G1,09:45,-7.74,2024,False
603337.SSE,2026-08-03,G1,09:45,-3.18,2026,False
603351.SSE,2025-04-21,S1,09:45,7.8,2025,True
603353.SSE,2025-06-16,G1,09:45,-5.74,2025,False
603395.SSE,2026-08-18,G1,09:45,3.19,2026,True
603506.SSE,2025-12-11,G1,09:45,-10.03,2025,True
603533.SSE,2026-09-01,G1,09:45,-2.82,2026,True
603538.SSE,2026-04-09,G1,09:45,4.27,2026,False
603585.SSE,2026-03-30,G1,09:45,-2.67,2026,True
603602.SSE,2024-10-18,G1,09:45,11.32,2024,True
603610.SSE,2024-12-19,G1,09:45,-6.14,2024,True
603667.SSE,2024-12-02,G1,10:00,42.64,2024,True
603682.SSE,2026-04-14,S1,09:45,-8.26,2026,False
603698.SSE,2026-06-25,G1,09:45,5.96,2026,False
603777.SSE,2024-12-23,G1,10:45,21.4,2024,True
603810.SSE,2025-09-30,S1,09:45,-5.38,2025,True
603811.SSE,2025-08-05,G1,09:45,5.41,2025,True
603819.SSE,2024-10-08,G1,09:45,-14.9,2024,False
603819.SSE,2024-11-12,G1,09:45,7.29,2024,True
603823.SSE,2026-09-08,G1,09:45,-8.55,2026,True
603829.SSE,2025-11-18,S1,09:45,-0.74,2025,True
603898.SSE,2025-12-03,G1,09:45,-11.95,2025,False
603929.SSE,2026-03-16,G1,10:00,17.41,2026,True
603933.SSE,2025-10-17,G1,09:45,2.6,2025,True
603938.SSE,2026-06-23,G1,10:15,7.0,2026,True
603949.SSE,2025-02-26,G1,09:45,1.14,2025,True
603988.SSE,2026-07-23,S1,09:45,-4.48,2026,True
603989.SSE,2026-06-25,G1,09:45,4.19,2026,True
605028.SSE,2026-07-15,G1,09:45,0.62,2026,True
605033.SSE,2025-01-03,G1,09:45,92.99,2025,True
605058.SSE,2025-01-20,G1,09:45,2.72,2025,True
605080.SSE,2025-01-02,S1,09:45,2.75,2025,True
605151.SSE,2025-06-12,G1,09:45,-9.41,2025,True
605162.SSE,2026-07-23,G1,09:45,2.25,2026,True
605198.SSE,2026-06-15,G1,09:45,20.79,2026,True
605208.SSE,2025-02-25,G1,09:45,3.63,2025,True
605277.SSE,2025-07-08,G1,10:00,4.53,2025,True
605398.SSE,2025-01-23,G1,09:45,128.44,2025,True
