组,月,笔数,坏票率,封住率,次日收,持有到断板
2板反包,2023-04,11,45%,55%,0.03,-0.67
2板反包,2023-05,24,42%,75%,1.5,1.18
2板反包,2023-06,32,41%,78%,1.44,1.29
2板反包,2023-07,21,33%,71%,0.14,1.53
2板反包,2023-08,42,67%,67%,-1.54,-1.79
2板反包,2023-09,25,64%,64%,-1.32,-0.9
2板反包,2023-10,42,50%,55%,-0.45,1.96
2板反包,2023-11,66,53%,62%,-0.23,2.12
2板反包,2023-12,49,65%,59%,-0.7,-1.1
2板反包,2024-01,51,67%,55%,-2.16,-1.92
2板反包,2024-02,119,25%,66%,2.37,2.09
2板反包,2024-03,105,54%,76%,0.22,3.13
2板反包,2024-04,115,64%,70%,-1.42,-1.38
2板反包,2024-05,64,59%,59%,-0.76,-0.47
2板反包,2024-06,45,58%,71%,-1.77,-0.42
2板反包,2024-07,71,58%,69%,-0.35,-0.42
2板反包,2024-08,72,68%,62%,-2.03,-1.83
2板反包,2024-09,121,33%,69%,2.62,1.91
2板反包,2024-10,209,73%,43%,-5.03,-1.33
2板反包,2024-11,204,50%,72%,0.73,2.95
2板反包,2024-12,189,58%,68%,-0.64,-0.43
2板反包,2025-01,100,57%,64%,-0.76,0.2
2板反包,2025-02,118,53%,63%,0.5,0.36
2板反包,2025-03,102,73%,68%,-2.22,-1.74
2板反包,2025-04,111,47%,77%,0.79,1.6
2板反包,2025-05,68,51%,71%,0.56,2.65
2板反包,2025-06,90,54%,72%,0.11,1.27
2板反包,2025-07,107,68%,62%,-1.79,-0.46
2板反包,2025-08,102,46%,71%,0.95,0.92
2板反包,2025-09,108,57%,74%,-0.42,0.46
2板反包,2025-10,98,52%,60%,-0.51,0.7
2板反包,2025-11,93,49%,75%,-0.06,1.57
2板反包,2025-12,124,56%,65%,-0.55,-0.01
2板反包,2026-01,106,46%,77%,1.18,1.62
2板反包,2026-02,75,56%,68%,-0.65,-0.03
2板反包,2026-03,94,59%,76%,-1.39,-0.96
2板反包,2026-04,96,51%,84%,-0.08,0.45
2板反包,2026-05,110,57%,74%,-0.68,0.08
2板反包,2026-06,151,50%,84%,0.32,1.05
2板反包,2026-07,172,69%,69%,-2.56,-1.33
2板反包,2026-08,114,58%,74%,-0.48,0.04
2板反包,2026-09,92,67%,70%,-1.12,-0.92
2板反包阳,2023-01,2,0%,50%,9.01,2.16
2板反包阳,2023-04,5,0%,100%,6.67,4.25
2板反包阳,2023-05,6,50%,67%,0.34,1.88
2板反包阳,2023-06,9,44%,67%,-0.3,-0.67
2板反包阳,2023-07,3,33%,100%,2.7,5.45
2板反包阳,2023-08,4,75%,50%,-2.25,-4.5
2板反包阳,2023-09,2,0%,100%,10.0,39.83
2板反包阳,2023-10,6,83%,50%,-3.29,11.72
2板反包阳,2023-11,8,75%,88%,-3.32,-1.37
2板反包阳,2023-12,9,67%,56%,-2.08,-0.63
2板反包阳,2024-01,5,80%,100%,-3.07,-1.14
2板反包阳,2024-02,22,45%,59%,0.76,1.02
2板反包阳,2024-03,7,57%,57%,0.78,2.01
2板反包阳,2024-04,7,57%,43%,-1.7,-2.9
2板反包阳,2024-05,9,89%,44%,-5.83,-2.79
2板反包阳,2024-06,1,100%,100%,-8.35,-8.35
2板反包阳,2024-07,10,30%,70%,4.51,2.35
2板反包阳,2024-08,6,83%,83%,-7.69,-6.81
2板反包阳,2024-09,15,40%,80%,0.34,-1.76
2板反包阳,2024-10,28,57%,68%,-1.79,5.48
2板反包阳,2024-11,24,75%,58%,-5.94,-3.75
2板反包阳,2024-12,22,64%,73%,-3.35,-0.55
2板反包阳,2025-01,8,50%,62%,0.27,0.45
2板反包阳,2025-02,10,70%,70%,-1.24,-2.28
2板反包阳,2025-03,8,50%,88%,2.36,3.62
2板反包阳,2025-04,6,67%,67%,-6.44,-3.27
2板反包阳,2025-05,13,77%,85%,-4.36,-4.05
2板反包阳,2025-06,12,50%,92%,-0.1,0.36
2板反包阳,2025-07,12,58%,50%,-1.1,-0.28
2板反包阳,2025-08,16,25%,75%,2.03,2.42
2板反包阳,2025-09,8,75%,100%,-3.45,-3.45
2板反包阳,2025-10,7,29%,57%,-0.32,-1.88
2板反包阳,2025-11,12,67%,58%,-1.78,1.05
2板反包阳,2025-12,10,60%,80%,-3.18,-2.97
2板反包阳,2026-01,21,48%,71%,-1.25,0.64
2板反包阳,2026-02,8,62%,62%,-1.43,-0.9
2板反包阳,2026-03,17,59%,59%,-1.25,-1.86
2板反包阳,2026-04,14,50%,93%,0.31,-0.4
2板反包阳,2026-05,21,62%,71%,1.17,1.06
2板反包阳,2026-06,13,46%,69%,-1.87,-2.34
2板反包阳,2026-07,8,100%,38%,-9.52,-5.18
2板反包阳,2026-08,15,40%,60%,2.78,5.02
2板反包阳,2026-09,7,71%,57%,-2.29,-1.22
2板反包阴,2023-02,1,100%,100%,-10.07,-10.07
2板反包阴,2023-04,5,0%,60%,6.73,6.27
2板反包阴,2023-05,5,80%,100%,-2.72,-2.72
2板反包阴,2023-06,13,46%,85%,0.69,0.31
2板反包阴,2023-07,18,44%,83%,1.87,0.64
2板反包阴,2023-08,11,45%,64%,1.63,-2.11
2板反包阴,2023-09,8,88%,88%,-3.35,-3.48
2板反包阴,2023-10,11,73%,64%,-2.7,-2.48
2板反包阴,2023-11,9,33%,78%,0.38,0.19
2板反包阴,2023-12,17,35%,71%,0.51,0.13
2板反包阴,2024-01,16,75%,81%,-2.22,-1.43
2板反包阴,2024-02,10,40%,70%,0.72,2.45
2板反包阴,2024-03,16,44%,81%,-0.03,0.64
2板反包阴,2024-04,7,71%,71%,-1.91,-3.13
2板反包阴,2024-05,11,36%,45%,0.33,-0.42
2板反包阴,2024-06,3,33%,33%,0.59,-0.75
2板反包阴,2024-07,12,50%,75%,0.22,3.04
2板反包阴,2024-08,12,67%,75%,-1.66,-1.07
2板反包阴,2024-09,11,36%,82%,0.8,-0.42
2板反包阴,2024-10,34,50%,68%,-0.18,1.73
2板反包阴,2024-11,49,57%,71%,-1.05,1.68
2板反包阴,2024-12,43,53%,88%,-1.05,0.08
2板反包阴,2025-01,28,61%,82%,-1.82,-1.2
2板反包阴,2025-02,27,48%,85%,0.24,0.32
2板反包阴,2025-03,18,44%,78%,1.58,1.25
2板反包阴,2025-04,19,53%,79%,-2.51,-1.66
2板反包阴,2025-05,15,40%,87%,2.01,6.0
2板反包阴,2025-06,17,71%,59%,-2.98,-2.33
2板反包阴,2025-07,15,47%,80%,0.27,0.49
2板反包阴,2025-08,24,54%,75%,0.67,0.31
2板反包阴,2025-09,20,55%,75%,-0.37,0.04
2板反包阴,2025-10,16,56%,62%,0.25,3.33
2板反包阴,2025-11,25,56%,72%,-1.57,-0.34
2板反包阴,2025-12,26,54%,69%,-1.48,-1.63
2板反包阴,2026-01,29,55%,69%,-1.42,-1.1
2板反包阴,2026-02,12,42%,83%,1.69,3.07
2板反包阴,2026-03,23,61%,74%,-2.54,-0.58
2板反包阴,2026-04,13,62%,92%,0.35,0.86
2板反包阴,2026-05,17,59%,65%,-0.81,1.31
2板反包阴,2026-06,33,45%,82%,0.59,2.95
2板反包阴,2026-07,33,73%,73%,-2.75,-1.65
2板反包阴,2026-08,22,68%,82%,-1.88,-1.38
2板反包阴,2026-09,17,82%,59%,-4.91,-3.5
3板反包,2023-04,8,38%,62%,0.45,1.31
3板反包,2023-05,14,50%,79%,0.13,0.5
3板反包,2023-06,10,60%,90%,-0.86,2.07
3板反包,2023-07,12,75%,67%,-2.93,-4.07
3板反包,2023-08,6,67%,67%,-0.98,-2.8
3板反包,2023-09,8,75%,75%,-0.36,-1.52
3板反包,2023-10,13,62%,62%,-1.19,0.34
3板反包,2023-11,27,59%,70%,-0.53,1.02
3板反包,2023-12,26,54%,73%,-0.03,4.4
3板反包,2024-01,39,67%,69%,-1.19,-1.82
3板反包,2024-02,39,28%,72%,2.45,2.33
3板反包,2024-03,37,54%,70%,-0.0,-0.42
3板反包,2024-04,25,52%,48%,-0.04,-0.26
3板反包,2024-05,19,53%,68%,0.0,-0.11
3板反包,2024-06,13,62%,69%,-2.24,-1.69
3板反包,2024-07,26,58%,65%,-0.05,1.15
3板反包,2024-08,24,54%,54%,-2.03,-1.91
3板反包,2024-09,42,14%,69%,4.12,2.66
3板反包,2024-10,77,56%,58%,-1.72,2.68
3板反包,2024-11,77,57%,70%,-0.64,1.67
3板反包,2024-12,64,69%,50%,-2.07,-1.75
3板反包,2025-01,51,63%,69%,-1.48,-1.13
3板反包,2025-02,46,50%,78%,0.4,-0.04
3板反包,2025-03,44,59%,66%,-0.67,-0.51
3板反包,2025-04,44,59%,64%,-1.29,-0.78
3板反包,2025-05,26,77%,69%,-2.67,-2.11
3板反包,2025-06,39,59%,79%,-1.58,0.74
3板反包,2025-07,33,45%,70%,-0.98,-1.49
3板反包,2025-08,41,63%,76%,-0.88,-0.27
3板反包,2025-09,44,45%,82%,0.18,0.27
3板反包,2025-10,36,61%,67%,-0.86,-1.44
3板反包,2025-11,47,64%,57%,-1.61,-0.42
3板反包,2025-12,46,57%,67%,-1.08,-0.5
3板反包,2026-01,54,65%,74%,-1.64,-1.2
3板反包,2026-02,21,57%,67%,-1.86,-2.58
3板反包,2026-03,43,65%,70%,-1.05,-1.0
3板反包,2026-04,37,46%,81%,0.08,0.15
3板反包,2026-05,43,47%,65%,0.2,-0.3
3板反包,2026-06,59,53%,64%,-0.49,-1.0
3板反包,2026-07,46,70%,70%,-2.9,-1.18
3板反包,2026-08,34,56%,68%,-1.06,0.08
3板反包,2026-09,33,76%,76%,-3.87,-2.73
4板反包,2023-06,5,100%,60%,-8.78,-8.15
4板反包,2023-07,6,50%,17%,-2.4,-1.97
4板反包,2023-08,6,17%,83%,2.4,2.22
4板反包,2023-09,3,67%,67%,0.39,0.09
4板反包,2023-10,4,75%,50%,-3.61,-3.85
4板反包,2023-11,7,14%,86%,4.07,1.5
4板反包,2023-12,15,67%,67%,-1.31,-1.69
4板反包,2024-01,16,56%,62%,-0.98,-0.55
4板反包,2024-02,21,38%,81%,1.77,1.83
4板反包,2024-03,17,71%,59%,-1.17,-0.45
4板反包,2024-04,9,44%,78%,-1.88,-0.59
4板反包,2024-05,7,71%,71%,-2.53,-1.55
4板反包,2024-06,5,100%,80%,-6.04,-5.25
4板反包,2024-07,13,46%,62%,0.51,2.29
4板反包,2024-08,9,56%,89%,0.51,0.47
4板反包,2024-09,11,36%,91%,1.81,0.41
4板反包,2024-10,15,73%,53%,-3.64,-1.56
4板反包,2024-11,20,40%,75%,-0.52,0.16
4板反包,2024-12,29,45%,66%,-0.53,-0.21
4板反包,2025-01,8,50%,75%,0.09,1.55
4板反包,2025-02,11,64%,55%,-1.35,-0.57
4板反包,2025-03,7,43%,86%,3.5,4.79
4板反包,2025-04,17,53%,71%,-1.45,-1.07
4板反包,2025-05,21,71%,71%,-1.42,-1.2
4板反包,2025-06,12,75%,58%,-3.25,-2.12
4板反包,2025-07,11,55%,64%,-0.72,-0.25
4板反包,2025-08,12,50%,83%,-0.42,1.54
4板反包,2025-09,17,59%,76%,0.4,1.87
4板反包,2025-10,11,73%,82%,-0.19,0.28
4板反包,2025-11,9,44%,78%,2.38,0.18
4板反包,2025-12,17,41%,65%,2.12,3.81
4板反包,2026-01,29,62%,59%,-1.29,-0.69
4板反包,2026-02,8,50%,88%,-0.35,0.25
4板反包,2026-03,20,55%,70%,1.07,0.92
4板反包,2026-04,15,53%,80%,-1.09,-0.99
4板反包,2026-05,10,60%,30%,-1.75,-2.17
4板反包,2026-06,15,53%,80%,-0.42,-0.29
4板反包,2026-07,11,36%,91%,2.76,2.33
4板反包,2026-08,11,73%,73%,-1.19,-1.64
4板反包,2026-09,3,67%,100%,1.08,4.37
4板反包阳,2023-04,1,0%,100%,9.3,9.3
4板反包阳,2023-05,1,0%,100%,10.02,50.65
4板反包阳,2023-07,1,100%,100%,-1.97,-1.97
4板反包阳,2023-11,1,0%,100%,10.01,22.88
4板反包阳,2024-01,1,100%,100%,-9.98,-9.98
4板反包阳,2024-08,1,100%,0%,-1.52,-1.52
4板反包阳,2024-10,1,100%,0%,-13.32,-3.69
4板反包阳,2024-11,6,67%,100%,-2.92,-0.29
4板反包阳,2024-12,7,86%,29%,-12.93,-9.63
4板反包阳,2025-02,4,75%,75%,-4.96,-4.11
4板反包阳,2025-03,2,100%,50%,-8.47,-5.15
4板反包阳,2025-04,2,50%,100%,0.01,-5.3
4板反包阳,2025-05,2,50%,100%,2.88,2.88
4板反包阳,2025-06,4,25%,75%,5.82,7.86
4板反包阳,2025-07,4,50%,50%,-2.06,-4.04
4板反包阳,2025-08,4,50%,100%,1.29,-1.12
4板反包阳,2025-10,2,100%,100%,-7.02,-7.02
4板反包阳,2025-11,1,0%,100%,2.53,2.53
4板反包阳,2025-12,7,43%,57%,-0.22,-0.48
4板反包阳,2026-01,3,100%,33%,-12.12,-5.72
4板反包阳,2026-02,1,0%,100%,9.99,6.78
4板反包阳,2026-03,3,67%,67%,-3.01,-1.15
4板反包阳,2026-04,1,0%,100%,3.02,3.02
4板反包阳,2026-05,2,100%,50%,-1.22,-2.37
4板反包阳,2026-06,4,25%,50%,1.75,0.7
4板反包阳,2026-08,2,0%,100%,5.2,5.2
4板反包阳,2026-09,3,100%,33%,-8.72,-7.4
4板反包阴,2023-04,1,0%,0%,7.68,-2.12
4板反包阴,2023-05,2,50%,100%,-0.0,-0.0
4板反包阴,2023-06,2,100%,0%,-4.18,-5.7
4板反包阴,2023-09,2,50%,100%,0.48,-5.02
4板反包阴,2023-10,1,100%,100%,-3.65,-3.65
4板反包阴,2023-11,2,50%,100%,0.02,-2.71
4板反包阴,2023-12,3,67%,67%,-2.23,-3.75
4板反包阴,2024-01,4,50%,50%,0.43,0.52
4板反包阴,2024-02,2,50%,50%,-0.79,-4.61
4板反包阴,2024-03,5,60%,60%,-2.04,-2.66
4板反包阴,2024-09,3,67%,67%,-0.32,-2.22
4板反包阴,2024-10,6,33%,83%,1.09,4.41
4板反包阴,2024-11,10,60%,60%,0.01,-0.71
4板反包阴,2024-12,6,50%,83%,3.0,9.08
4板反包阴,2025-01,4,50%,100%,0.66,-1.01
4板反包阴,2025-02,3,100%,67%,-3.36,-3.85
4板反包阴,2025-03,3,0%,100%,8.58,8.18
4板反包阴,2025-04,4,75%,100%,-2.11,-2.11
4板反包阴,2025-05,5,80%,60%,-6.66,-4.4
4板反包阴,2025-06,2,0%,100%,0.7,0.7
4板反包阴,2025-07,8,25%,75%,4.89,7.04
4板反包阴,2025-08,2,0%,100%,10.0,11.17
4板反包阴,2025-09,4,50%,50%,-2.43,0.01
4板反包阴,2025-10,1,0%,0%,4.93,-4.62
4板反包阴,2025-11,1,100%,100%,-9.98,-9.98
4板反包阴,2025-12,7,71%,57%,-5.87,-3.33
4板反包阴,2026-01,4,50%,75%,-0.33,-0.41
4板反包阴,2026-02,4,50%,50%,1.26,-2.29
4板反包阴,2026-03,5,60%,80%,-1.01,-2.97
4板反包阴,2026-05,6,50%,83%,1.07,-0.2
4板反包阴,2026-06,4,25%,75%,3.98,8.34
4板反包阴,2026-07,1,0%,100%,5.15,5.15
4板反包阴,2026-08,6,33%,100%,3.46,1.72
4板反包阴,2026-09,1,0%,100%,9.96,8.58
5+板反包,2023-05,2,50%,100%,2.37,2.03
5+板反包,2023-06,7,57%,29%,-3.35,-2.94
5+板反包,2023-07,6,67%,50%,-1.94,-2.5
5+板反包,2023-08,7,71%,86%,-3.88,-4.34
5+板反包,2023-09,3,67%,67%,-4.08,-0.81
5+板反包,2023-10,3,33%,67%,0.11,-0.2
5+板反包,2023-11,13,62%,69%,-2.19,-0.14
5+板反包,2023-12,7,57%,71%,-1.1,-0.53
5+板反包,2024-01,6,100%,67%,-6.64,-6.25
5+板反包,2024-02,20,15%,50%,4.44,1.51
5+板反包,2024-03,10,50%,70%,-3.09,-2.7
5+板反包,2024-04,18,56%,61%,-0.52,-0.19
5+板反包,2024-05,11,55%,64%,0.64,0.47
5+板反包,2024-06,5,40%,60%,-1.73,0.82
5+板反包,2024-07,11,73%,82%,-1.11,-0.77
5+板反包,2024-08,15,73%,47%,-2.26,-2.33
5+板反包,2024-09,12,42%,75%,1.03,1.12
5+板反包,2024-10,25,80%,60%,-4.2,-2.21
5+板反包,2024-11,23,30%,78%,3.67,4.61
5+板反包,2024-12,32,69%,62%,-2.81,-2.86
5+板反包,2025-01,21,48%,67%,0.86,0.41
5+板反包,2025-02,23,74%,65%,-2.52,-1.36
5+板反包,2025-03,16,69%,69%,-1.22,-0.97
5+板反包,2025-04,12,58%,75%,-1.51,-1.93
5+板反包,2025-05,7,29%,100%,4.18,4.05
5+板反包,2025-06,16,38%,62%,0.09,0.48
5+板反包,2025-07,10,60%,80%,0.15,-1.28
5+板反包,2025-08,17,18%,76%,4.08,6.13
5+板反包,2025-09,9,67%,56%,-2.54,-2.18
5+板反包,2025-10,5,60%,80%,1.5,-0.15
5+板反包,2025-11,19,74%,42%,-5.12,-3.75
5+板反包,2025-12,17,53%,71%,-0.94,-0.98
5+板反包,2026-01,8,50%,88%,-0.33,0.62
5+板反包,2026-02,5,40%,100%,2.0,2.92
5+板反包,2026-03,7,57%,57%,-4.31,-2.68
5+板反包,2026-04,8,62%,62%,-2.27,-1.23
5+板反包,2026-05,8,75%,88%,-2.37,-1.98
5+板反包,2026-06,11,64%,55%,-2.01,-3.23
5+板反包,2026-07,9,67%,78%,-0.16,-1.85
5+板反包,2026-08,8,50%,100%,-0.18,0.58
5+板反包,2026-09,2,0%,100%,2.5,2.5
5+板反包阳,2023-04,1,100%,100%,-9.05,-9.05
5+板反包阳,2023-05,1,100%,100%,-9.26,-9.26
5+板反包阳,2023-07,1,0%,100%,8.3,8.3
5+板反包阳,2023-09,1,0%,100%,10.0,5.0
5+板反包阳,2023-10,2,100%,50%,-7.3,-2.5
5+板反包阳,2023-11,4,50%,50%,-2.33,-3.61
5+板反包阳,2023-12,2,50%,50%,-1.19,-2.46
5+板反包阳,2024-01,2,0%,50%,5.22,0.33
5+板反包阳,2024-02,2,100%,100%,-8.88,-8.88
5+板反包阳,2024-03,1,100%,0%,-6.03,-3.49
5+板反包阳,2024-07,1,100%,100%,-10.01,-10.01
5+板反包阳,2024-08,1,0%,100%,10.0,44.96
5+板反包阳,2024-10,7,29%,71%,2.36,8.57
5+板反包阳,2024-11,2,50%,100%,0.01,4.94
5+板反包阳,2024-12,2,0%,100%,9.99,9.4
5+板反包阳,2025-01,2,50%,100%,-0.01,-5.0
5+板反包阳,2025-02,5,80%,100%,-2.3,-2.3
5+板反包阳,2025-03,1,100%,0%,-7.07,-7.61
5+板反包阳,2025-04,3,33%,67%,-3.88,-4.63
5+板反包阳,2025-05,5,40%,80%,3.98,0.67
5+板反包阳,2025-06,1,0%,100%,2.37,2.37
5+板反包阳,2025-07,1,0%,100%,3.95,3.95
5+板反包阳,2025-08,3,100%,67%,-9.41,-8.99
5+板反包阳,2025-09,1,0%,100%,9.98,31.76
5+板反包阳,2025-10,1,0%,100%,10.03,19.92
5+板反包阳,2025-11,4,50%,100%,-0.81,4.27
5+板反包阳,2026-01,4,50%,75%,0.1,2.99
5+板反包阳,2026-03,1,100%,0%,-8.3,-14.6
5+板反包阳,2026-04,1,100%,0%,-0.09,-0.36
5+板反包阳,2026-05,1,100%,100%,-1.25,-1.25
5+板反包阳,2026-06,4,75%,25%,-5.55,-0.95
5+板反包阳,2026-07,2,50%,100%,0.0,-0.54
5+板反包阳,2026-08,2,50%,100%,3.82,8.34
5+板反包阳,2026-09,4,25%,100%,4.98,5.73
5+板反包阴,2023-05,1,100%,100%,-10.0,-10.0
5+板反包阴,2023-06,2,50%,50%,-6.06,-1.22
5+板反包阴,2023-08,1,100%,100%,-3.29,-3.29
5+板反包阴,2023-09,2,50%,100%,0.0,2.04
5+板反包阴,2023-10,2,100%,50%,-9.24,-8.16
5+板反包阴,2023-11,3,33%,67%,2.02,-4.86
5+板反包阴,2023-12,5,60%,80%,0.25,3.78
5+板反包阴,2024-01,2,50%,100%,2.3,4.22
5+板反包阴,2024-02,3,33%,33%,1.6,-4.65
5+板反包阴,2024-03,5,40%,100%,-0.67,-0.67
5+板反包阴,2024-04,3,67%,67%,-7.74,-8.69
5+板反包阴,2024-05,1,0%,0%,9.45,-0.45
5+板反包阴,2024-07,1,0%,0%,8.06,-1.74
5+板反包阴,2024-09,1,0%,100%,10.04,13.64
5+板反包阴,2024-10,6,33%,67%,3.6,16.13
5+板反包阴,2024-11,10,50%,90%,1.07,6.67
5+板反包阴,2024-12,9,33%,67%,0.64,-2.29
5+板反包阴,2025-01,4,50%,75%,3.18,-0.93
5+板反包阴,2025-02,5,60%,60%,-0.06,-3.94
5+板反包阴,2025-03,5,40%,100%,1.77,-1.07
5+板反包阴,2025-04,9,78%,67%,-4.86,-0.77
5+板反包阴,2025-05,4,50%,50%,0.46,-0.6
5+板反包阴,2025-06,4,75%,25%,-1.69,-0.64
5+板反包阴,2025-07,4,50%,100%,-1.23,0.47
5+板反包阴,2025-09,4,100%,75%,-5.95,-4.2
5+板反包阴,2025-10,1,100%,100%,-8.21,-8.21
5+板反包阴,2025-11,6,33%,50%,3.49,2.82
5+板反包阴,2025-12,4,25%,100%,4.9,4.9
5+板反包阴,2026-01,2,100%,50%,-7.84,-6.77
5+板反包阴,2026-02,1,100%,100%,-1.94,-1.94
5+板反包阴,2026-03,2,50%,50%,-0.21,-0.83
5+板反包阴,2026-04,3,67%,33%,-2.27,11.31
5+板反包阴,2026-05,2,0%,50%,3.4,-1.47
5+板反包阴,2026-06,1,100%,0%,-13.9,-4.39
5+板反包阴,2026-07,2,0%,100%,2.58,2.58
5+板反包阴,2026-08,2,50%,100%,1.6,1.6
5+板反包阴,2026-09,2,0%,50%,5.6,3.5
