买入日,代码,名称,方案点,六组,断板天数,N,阴阳,断板累计%,断板阴线数,末日开盘%,坑深%,买价,封住,次日收%,持有到断板%,持有天数,后续板数,退出原因,坏票
2020-01-02,603598.SSE,引力传媒,S3,5+板阳,1,5,阳,8.3,0,-10.01,8.3,18.69,True,10.01,17.17,3.0,3,break_close,False
2020-02-04,002605.SZSE,姚记科技,S1,2板阴,3,2,阴,-14.8,1,-9.84,-14.8,38.9,True,5.91,5.91,1.0,1,next_close_fail,False
2020-02-13,002239.SZSE,奥特佳,S3,5+板阳,1,6,阳,5.0,0,0.95,5.0,3.66,True,-0.55,-0.55,1.0,1,next_close_fail,True
2020-02-27,600318.SSE,新力金融,S3,5+板阳,1,5,阳,3.2,0,-4.76,3.2,11.44,True,-9.97,-9.97,1.0,1,next_close_fail,True
2020-03-02,603815.SSE,交建股份,S1,2板阴,1,2,阴,-10.0,1,-9.91,-10.0,21.87,True,10.01,26.66,4.0,4,break_close,False
2020-03-11,603301.SSE,振德医疗,S1,2板阴,1,2,阴,-8.1,1,-6.62,-8.1,46.55,True,10.01,6.34,2.0,2,break_close,False
2020-03-12,603559.SSE,中通国脉,S3,5+板阳,1,5,阳,2.8,1,10.02,2.8,34.1,True,-10.0,-10.0,1.0,1,next_close_fail,True
2020-04-10,000633.SZSE,合金投资,S1,2板阴,2,2,阴,-11.6,1,-4.43,-11.6,4.27,True,-7.26,-7.26,1.0,1,next_close_fail,True
2020-05-12,002980.SZSE,华盛昌,S3,5+板阳,1,5,阳,5.0,1,8.65,5.0,58.25,True,10.01,1.8,2.0,2,break_close,False
2020-05-19,002983.SZSE,芯瑞达,S3,5+板阳,1,6,阳,0.8,1,9.12,0.8,53.78,False,-8.18,-8.18,1.0,0,break_day_close,True
2020-05-19,002046.SZSE,国机精工,S3,5+板阳,1,8,阳,1.1,0,0.5,1.1,13.29,True,-10.01,-10.01,1.0,1,next_close_fail,True
2020-05-26,600662.SSE,外服控股,S3,5+板阳,1,7,阳,6.6,1,10.04,6.6,8.65,True,-3.82,-3.82,1.0,1,next_close_fail,True
2020-05-27,600071.SSE,凤凰光学,S1,2板阴,3,2,阴,-12.2,1,-6.97,-12.2,10.05,False,-6.27,-6.27,1.0,0,break_day_close,True
2020-06-01,600834.SSE,申通地铁,S3,5+板阳,1,9,阳,3.3,0,0.94,3.3,16.9,True,-9.94,-9.94,1.0,1,next_close_fail,True
2020-06-17,603439.SSE,三力制药,S2,4板阴,1,4,阴,-4.4,1,4.22,-4.4,42.59,True,-10.0,-10.0,1.0,1,next_close_fail,True
2020-07-09,002049.SZSE,紫光国微,S3,5+板阳,1,5,阳,2.9,0,-1.84,2.9,132.66,True,-2.76,-2.76,1.0,1,next_close_fail,True
2020-07-09,603069.SSE,海汽集团,S3,5+板阳,1,5,阳,0.9,1,9.76,0.9,24.81,True,10.0,41.07,4.0,4,break_close,False
2020-07-14,600760.SSE,中航沈飞,S3,5+板阳,1,5,阳,3.1,0,-3.03,3.1,64.35,False,-10.97,-10.97,1.0,0,break_day_close,True
2020-08-07,002625.SZSE,光启技术,S3,5+板阳,1,8,阳,5.1,1,10.02,5.1,30.36,True,3.75,3.75,1.0,1,next_close_fail,False
2020-08-10,000828.SZSE,东莞控股,S3,5+板阳,1,6,阳,1.8,0,-1.02,1.8,15.4,True,5.19,5.19,1.0,1,next_close_fail,False
2020-08-17,002506.SZSE,协鑫集成,S2,4板阴,1,4,阴,-9.9,1,4.36,-9.9,5.68,True,5.28,5.28,1.0,1,next_close_fail,False
2020-08-17,002662.SZSE,峰璟股份,S1,2板阴,1,2,阴,-8.8,1,-0.22,-8.8,4.59,True,10.02,12.42,2.0,2,break_close,False
2020-09-29,003000.SZSE,劲仔食品,S3,5+板阳,1,5,阳,0.5,1,10.02,0.5,18.87,True,-9.33,-9.33,1.0,1,next_close_fail,True
2020-11-04,003015.SZSE,日久光电,S1,2板阴,3,2,阴,-9.5,1,-6.44,-9.5,16.71,True,-0.9,-0.9,1.0,1,next_close_fail,True
2020-11-11,000816.SZSE,智慧农业,S3,5+板阳,1,5,阳,4.9,1,8.11,4.9,4.27,True,10.07,2.11,2.0,2,break_close,False
2020-12-07,000798.SZSE,中水渔业,S3,5+板阳,1,5,阳,7.0,1,9.07,7.0,11.55,True,-1.47,-1.47,1.0,1,next_close_fail,True
2020-12-22,605376.SSE,博迁新材,S2,4板阴,1,4,阴,-0.3,1,8.12,-0.3,39.57,False,4.22,4.22,1.0,0,break_day_close,False
2021-01-07,600405.SSE,动力源,S2,4板阴,1,4,阴,-5.7,1,3.62,-5.7,8.31,True,-8.3,-8.3,1.0,1,next_close_fail,True
2021-01-12,003026.SZSE,中晶科技,S3,5+板阳,1,10,阳,8.6,0,7.37,8.6,90.74,False,5.55,5.55,1.0,0,break_day_close,False
2021-01-25,601015.SSE,陕西黑猫,S3,5+板阳,1,5,阳,6.2,1,10.0,6.2,7.01,True,9.99,4.14,2.0,2,break_close,False
2021-02-08,601015.SSE,陕西黑猫,S2,4板阴,1,4,阴,-9.8,1,5.1,-9.8,8.95,True,10.06,8.49,2.0,2,break_close,False
2021-02-09,003035.SZSE,南网能源,S3,5+板阳,1,9,阳,6.2,1,9.76,6.2,8.14,True,-9.95,-9.95,1.0,1,next_close_fail,True
2021-02-10,002612.SZSE,朗姿股份,S1,2板阳,2,2,阳,-10.0,1,-4.34,-10.0,26.38,True,2.69,2.69,1.0,1,next_close_fail,False
2021-03-10,600722.SSE,金牛化工,S1,2板阴,3,2,阴,-14.3,1,-6.81,-14.3,7.7,True,-1.17,-1.17,1.0,1,next_close_fail,True
2021-03-12,002178.SZSE,延华智能,S1,2板阴,2,2,阴,-14.3,1,-8.82,-14.3,3.56,True,2.53,2.53,1.0,1,next_close_fail,False
2021-03-12,002862.SZSE,实丰文化,S1,2板阴,2,2,阴,-14.6,1,-7.29,-14.6,11.46,True,-5.67,-5.67,1.0,1,next_close_fail,True
2021-03-22,002554.SZSE,惠博普,S1,2板阴,2,2,阴,-10.2,1,-4.62,-10.2,3.18,True,10.06,17.3,3.0,3,break_close,False
2021-03-26,600956.SSE,新天绿能,S2,4板阴,1,4,阴,-4.3,1,3.37,-4.3,13.75,True,10.04,11.56,3.0,3,break_close,False
2021-04-01,003003.SZSE,天元股份,S1,2板阴,2,2,阴,-11.9,1,-5.53,-11.9,18.71,True,-6.47,-6.47,1.0,1,next_close_fail,True
2021-04-14,605136.SSE,丽人丽妆,S1,2板阴,1,2,阴,-10.0,1,-0.72,-10.0,35.9,True,-6.46,-6.46,1.0,1,next_close_fail,True
2021-04-15,002762.SZSE,金发拉比,S3,5+板阳,1,7,阳,6.0,0,-10.03,6.0,13.84,True,9.97,3.32,2.0,2,break_close,False
2021-04-16,600960.SSE,渤海汽车,S1,2板阴,1,2,阴,-8.8,1,-4.98,-8.8,4.43,True,9.93,8.8,3.0,3,break_close,False
2021-04-16,600715.SSE,文投控股,S1,2板阴,3,2,阴,-12.5,1,-1.04,-12.5,3.15,True,-2.54,-2.54,1.0,1,next_close_fail,True
2021-04-22,002997.SZSE,瑞鹄模具,S1,2板阴,1,2,阴,-10.0,1,-5.57,-10.0,20.97,True,10.01,14.45,3.0,3,break_close,False
2021-05-10,002900.SZSE,哈三联,S2,4板阴,1,4,阴,-1.1,1,6.05,-1.1,23.89,True,-6.4,-6.4,1.0,1,next_close_fail,True
2021-05-14,603020.SSE,爱普股份,S3,5+板阳,1,6,阳,3.2,0,0.0,3.2,19.94,True,0.1,0.1,1.0,1,next_close_fail,False
2021-05-19,603389.SSE,亚振家居,S1,2板阴,2,2,阴,-10.9,1,-5.82,-10.9,5.02,True,-6.18,-6.18,1.0,1,next_close_fail,True
2021-05-25,603518.SSE,锦泓集团,S1,2板阴,3,2,阴,-8.5,1,-4.52,-8.5,20.94,False,-4.54,-4.54,1.0,0,break_day_close,True
2021-06-08,603196.SSE,璞源材料,S3,5+板阳,1,5,阳,1.8,1,4.09,1.8,12.32,True,-9.98,-9.98,1.0,1,next_close_fail,True
2021-06-16,003032.SZSE,传智教育,S3,5+板阳,1,5,阳,1.5,1,5.67,1.5,34.86,True,10.01,5.68,2.0,2,break_close,False
2021-06-18,605499.SSE,东鹏饮料,S3,5+板阳,1,9,阳,5.0,0,-6.53,5.0,265.65,True,-3.05,-3.05,1.0,1,next_close_fail,True
2021-06-23,003032.SZSE,传智教育,S1,2板阴,3,2,阴,-10.7,1,-3.06,-10.7,37.69,True,-7.64,-7.64,1.0,1,next_close_fail,True
2021-08-18,001208.SZSE,华菱线缆,S3,5+板阳,1,8,阳,6.9,0,5.69,6.9,23.97,True,-10.01,-10.01,1.0,1,next_close_fail,True
2021-08-30,002248.SZSE,华东数控,S3,5+板阳,1,5,阳,7.4,0,1.95,7.4,12.75,True,10.04,-0.24,2.0,2,break_close,False
2021-09-16,000937.SZSE,冀中能源,S3,5+板阳,1,5,阳,8.1,0,5.7,8.1,10.23,True,-9.97,-9.97,1.0,1,next_close_fail,True
2021-09-28,600021.SSE,上海电力,S2,4板阴,1,4,阴,-4.2,1,4.87,-4.2,13.42,True,-9.99,-9.99,1.0,1,next_close_fail,True
2021-12-16,002374.SZSE,中锐股份,S2,4板阴,1,4,阴,-0.7,1,6.37,-0.7,6.52,True,9.97,8.9,3.0,3,break_close,False
2021-12-24,002432.SZSE,九安医疗,S2,4板阴,1,4,阴,-7.7,1,2.19,-7.7,38.52,True,9.99,18.12,2.0,2,break_close,False
2021-12-24,000607.SZSE,华媒控股,S1,2板阴,2,2,阴,-9.7,1,-6.02,-9.7,5.01,True,-8.18,-8.18,1.0,1,next_close_fail,True
2021-12-24,603171.SSE,税友股份,S1,2板阴,1,2,阴,-8.1,1,-2.0,-8.1,38.39,True,-7.5,-7.5,1.0,1,next_close_fail,True
2021-12-28,002775.SZSE,文科股份,S1,2板阴,1,2,阴,-8.0,1,-4.56,-8.0,4.66,True,-6.01,-6.01,1.0,1,next_close_fail,True
2022-01-04,600668.SSE,尖峰集团,S2,4板阴,1,4,阴,-5.4,1,3.57,-5.4,20.11,True,-10.0,-10.0,1.0,1,next_close_fail,True
2022-01-06,600976.SSE,健民集团,S1,2板阴,1,2,阴,-10.0,1,-1.12,-10.0,85.92,False,-9.45,-9.45,1.0,0,break_day_close,True
2022-01-14,002370.SZSE,亚太药业,S3,5+板阳,1,5,阳,9.7,1,10.0,9.7,9.3,True,3.12,3.12,1.0,1,next_close_fail,False
2022-01-21,000953.SZSE,中哲精化,S1,2板阳,3,2,阳,-8.1,1,0.0,-10.2,7.01,True,-9.99,-9.99,1.0,1,next_close_fail,True
2022-01-26,603101.SSE,汇嘉时代,S1,2板阴,2,2,阴,-12.5,1,-6.46,-12.5,7.28,False,-9.07,-9.07,1.0,0,break_day_close,True
2022-01-27,000573.SZSE,粤宏远Ａ,S1,2板阴,2,2,阴,-13.8,1,-10.11,-13.8,3.72,True,-3.23,-3.23,1.0,1,next_close_fail,True
2022-01-28,002654.SZSE,万润科技,S1,2板阴,1,2,阴,-10.0,1,-5.31,-10.0,5.03,True,1.19,1.19,1.0,1,next_close_fail,False
2022-02-14,000856.SZSE,冀东装备,S3,5+板阳,1,5,阳,4.4,0,0.0,4.4,14.5,True,-10.0,-10.0,1.0,1,next_close_fail,True
2022-02-16,002761.SZSE,浙江建投,S3,5+板阳,1,6,阳,4.5,0,2.16,4.5,15.94,True,9.97,20.14,4.0,4,break_close,False
2022-03-24,000505.SZSE,京粮控股,S1,2板阴,1,2,阴,-8.3,1,-0.53,-8.3,9.58,True,10.02,31.42,4.0,4,break_close,False
2022-03-25,603139.SSE,康惠股份,S1,2板阴,3,2,阴,-9.1,1,-1.35,-9.1,21.1,False,-6.54,-6.54,1.0,0,break_day_close,True
2022-03-25,000705.SZSE,浙江震元,S1,2板阴,2,2,阴,-13.4,1,-6.92,-13.4,10.1,True,2.97,2.97,1.0,1,next_close_fail,False
2022-03-30,000965.SZSE,天保基建,S3,5+板阳,1,9,阳,1.3,1,5.45,1.3,7.77,True,10.04,15.19,2.0,2,break_close,False
2022-04-08,000736.SZSE,中交发展,S3,5+板阳,1,7,阳,2.3,0,0.0,2.3,19.25,True,10.03,-0.99,2.0,2,break_close,False
2022-04-13,002205.SZSE,国统股份,S3,5+板阳,1,6,阳,9.3,0,8.67,9.3,20.24,False,-16.16,-16.16,1.0,0,break_day_close,True
2022-04-22,600508.SSE,上海能源,S2,4板阴,1,4,阴,-2.9,1,3.29,-2.9,17.19,True,-10.01,-10.01,1.0,1,next_close_fail,True
2022-04-26,000756.SZSE,新华制药,S1,2板阴,2,2,阴,-13.1,1,-7.92,-13.1,10.32,True,9.98,158.62,11.0,11,break_close,False
2022-05-09,000722.SZSE,湖南发展,S3,5+板阳,1,7,阳,5.3,0,-0.12,5.3,19.25,True,10.03,11.79,3.0,3,break_close,False
2022-05-16,002561.SZSE,徐家汇,S1,2板阴,2,2,阴,-11.2,1,0.0,-11.2,15.44,True,-6.09,-6.09,1.0,1,next_close_fail,True
2022-05-18,600479.SSE,千金药业,S1,2板阴,1,2,阴,-8.9,1,-2.63,-8.9,11.44,False,-5.51,-5.51,1.0,0,break_day_close,True
2022-05-20,002292.SZSE,奥飞娱乐,S2,4板阴,1,4,阴,-7.8,1,4.36,-7.8,5.59,True,10.02,-0.72,2.0,2,break_close,False
2022-06-01,002121.SZSE,科陆电子,S3,5+板阳,1,5,阳,2.0,0,-1.2,2.0,7.45,True,-3.36,-3.36,1.0,1,next_close_fail,True
2022-06-02,000599.SZSE,青岛双星,S1,2板阴,2,2,阴,-10.5,1,-4.77,-10.5,4.39,True,10.02,19.82,4.0,4,break_close,False
2022-06-13,000025.SZSE,特 力Ａ,S1,2板阳,2,2,阳,-9.9,1,-4.83,-10.0,25.74,True,4.31,4.31,1.0,1,next_close_fail,False
2022-06-16,603069.SSE,海汽集团,S3,5+板阳,1,11,阳,5.9,0,1.46,5.9,39.96,False,-3.38,-3.38,1.0,0,break_day_close,True
2022-06-17,002666.SZSE,德联集团,S1,2板阴,1,2,阴,-9.9,1,-2.87,-9.9,5.87,True,3.07,3.07,1.0,1,next_close_fail,False
2022-06-17,002971.SZSE,和远气体,S1,2板阴,2,2,阴,-10.5,1,-6.29,-10.5,26.84,True,-5.44,-5.44,1.0,1,next_close_fail,True
2022-06-23,001270.SZSE,铖昌科技,S3,5+板阳,1,7,阳,5.0,0,0.0,5.0,102.87,True,3.92,3.92,1.0,1,next_close_fail,False
2022-06-28,002703.SZSE,浙江世宝,S3,5+板阳,1,10,阳,4.3,0,1.03,4.3,15.57,False,-10.08,-4.05,2.0,0,break_day_close,True
2022-06-28,002909.SZSE,集泰股份,S3,5+板阳,1,11,阳,0.0,0,-5.95,0.0,18.84,True,5.47,5.47,1.0,1,next_close_fail,False
2022-06-29,002454.SZSE,松芝股份,S3,5+板阳,1,7,阳,9.6,0,9.61,9.6,14.55,True,-9.97,-9.97,1.0,1,next_close_fail,True
2022-07-06,002892.SZSE,科力尔,S1,2板阴,1,2,阴,-9.0,1,0.0,-9.0,17.31,False,-7.16,-7.16,1.0,0,break_day_close,True
2022-07-13,002523.SZSE,天桥起重,S1,2板阴,2,2,阴,-9.4,1,-2.93,-9.4,3.3,True,-7.58,-7.58,1.0,1,next_close_fail,True
2022-07-19,000899.SZSE,赣能股份,S3,5+板阳,1,9,阳,3.3,1,3.94,3.3,15.85,False,1.51,1.51,1.0,0,break_day_close,False
2022-07-20,000631.SZSE,顺发恒能,S2,4板阴,1,4,阴,-7.3,1,7.8,-7.3,5.62,True,-3.02,-3.02,1.0,1,next_close_fail,True
2022-07-26,002209.SZSE,达 意 隆,S1,2板阴,3,2,阴,-8.9,1,-4.48,-8.9,8.83,True,-2.15,-2.15,1.0,1,next_close_fail,True
2022-08-05,603286.SSE,日盈电子,S2,4板阴,1,4,阴,-2.5,1,2.79,-2.5,29.21,False,-3.12,-3.12,1.0,0,break_day_close,True
2022-08-16,001258.SZSE,立新能源,S3,5+板阳,1,8,阳,3.8,0,-1.96,3.8,17.48,True,4.92,4.92,1.0,1,next_close_fail,False
2022-08-31,002205.SZSE,国统股份,S1,2板阴,3,2,阴,-9.9,1,-1.61,-9.9,12.16,True,0.49,0.49,1.0,1,next_close_fail,False
2022-09-15,000922.SZSE,佳电股份,S1,2板阴,3,2,阴,-8.3,1,-2.49,-8.8,11.72,False,-16.38,-16.38,1.0,0,break_day_close,True
2022-09-27,003027.SZSE,同兴科技,S3,5+板阳,1,5,阳,3.3,0,-4.21,3.3,29.67,True,-7.41,-7.41,1.0,1,next_close_fail,True
2022-09-30,001267.SZSE,汇绿生态,S1,2板阴,1,2,阴,-9.9,1,-4.83,-9.9,7.59,True,-1.58,-1.58,1.0,1,next_close_fail,True
2022-10-10,002490.SZSE,山东墨龙,S1,2板阴,2,2,阴,-8.0,1,-8.76,-8.0,5.42,True,0.55,0.55,1.0,1,next_close_fail,False
2022-10-21,001236.SZSE,弘业期货,S2,4板阴,1,4,阴,-10.0,1,2.04,-10.0,19.46,False,5.55,5.55,1.0,0,break_day_close,False
2022-10-31,002777.SZSE,久远银海,S1,2板阴,1,2,阴,-10.0,1,-2.29,-10.0,17.73,False,-4.34,-4.34,1.0,0,break_day_close,True
2022-11-01,002900.SZSE,哈三联,S1,2板阴,2,2,阴,-8.2,1,-10.0,-8.2,14.85,True,1.35,1.35,1.0,1,next_close_fail,False
2022-11-02,002279.SZSE,久其软件,S2,4板阴,1,4,阴,-3.1,1,4.18,-3.1,7.9,True,-9.87,-9.87,1.0,1,next_close_fail,True
2022-11-10,002995.SZSE,天地在线,S3,5+板阳,1,5,阳,1.6,0,-0.03,1.6,32.91,True,9.27,9.27,1.0,1,next_close_fail,False
2022-11-14,000721.SZSE,西安饮食,S3,5+板阳,1,6,阳,6.5,1,10.0,6.5,10.78,True,-10.02,-10.02,1.0,1,next_close_fail,True
2022-11-14,002474.SZSE,榕基软件,S2,4板阴,1,4,阴,-10.0,1,10.05,-10.0,10.15,False,-2.46,-2.46,1.0,0,break_day_close,True
