月,n,avg_pct,win,bad,seal,bw_pct,bw_median,bw_win,sum_pct,compound_pct
2020-01,1,10.01,1.0,0.0,1.0,17.17,17.17,1.0,17.2,17.2
2020-02,3,-1.54,0.333,0.667,1.0,-1.54,-0.55,0.333,-4.6,-5.2
2020-03,3,3.34,0.667,0.333,1.0,7.67,6.34,0.667,23.0,21.2
2020-04,1,-7.26,0.0,1.0,1.0,-7.26,-7.26,0.0,-7.3,-7.3
2020-05,5,-3.65,0.2,0.8,0.6,-5.3,-6.27,0.2,-26.5,-24.2
2020-06,2,-9.97,0.0,1.0,1.0,-9.97,-9.97,0.0,-19.9,-18.9
2020-07,3,-1.24,0.333,0.667,0.667,9.11,-2.76,0.333,27.3,22.1
2020-08,4,6.06,1.0,0.0,1.0,6.66,5.24,1.0,26.6,29.2
2020-09,1,-9.33,0.0,1.0,1.0,-9.33,-9.33,0.0,-9.3,-9.3
2020-11,2,4.58,0.5,0.5,1.0,0.6,0.6,0.5,1.2,1.2
2020-12,2,1.38,0.5,0.5,0.5,1.38,1.38,0.5,2.8,2.7
2021-01,3,2.41,0.667,0.333,0.667,0.46,4.14,0.667,1.4,0.8
2021-02,3,0.93,0.667,0.333,1.0,0.41,2.69,0.667,1.2,0.3
2021-03,5,3.16,0.6,0.4,1.0,4.91,2.53,0.6,24.6,25.1
2021-04,6,2.41,0.5,0.5,1.0,1.85,0.39,0.5,11.1,9.7
2021-05,4,-4.25,0.25,0.75,0.75,-4.25,-5.36,0.25,-17.0,-16.1
2021-06,4,-2.67,0.25,0.75,1.0,-3.75,-5.34,0.25,-15.0,-14.8
2021-08,2,0.01,0.5,0.5,1.0,-5.12,-5.12,0.0,-10.2,-10.2
2021-09,2,-9.98,0.0,1.0,1.0,-9.98,-9.98,0.0,-20.0,-19.0
2021-12,5,-0.35,0.4,0.6,1.0,1.07,-6.01,0.4,5.3,2.7
2022-01,7,-5.35,0.286,0.714,0.714,-5.35,-9.07,0.286,-37.4,-32.6
2022-02,2,-0.01,0.5,0.5,1.0,5.07,5.07,0.5,10.1,8.1
2022-03,4,4.12,0.75,0.25,0.75,10.76,9.08,0.75,43.0,45.7
2022-04,4,-1.54,0.5,0.5,0.75,32.87,-5.5,0.25,131.5,93.2
2022-05,4,2.11,0.5,0.5,0.75,-0.13,-3.11,0.25,-0.5,-1.5
2022-06,10,-0.54,0.5,0.5,0.8,1.04,-0.15,0.5,10.4,7.7
2022-07,5,-3.68,0.2,0.8,0.6,-3.68,-3.02,0.2,-18.4,-17.3
2022-08,3,0.76,0.667,0.333,0.667,0.76,0.49,0.667,2.3,2.1
2022-09,3,-8.46,0.0,1.0,0.667,-8.46,-7.41,0.0,-25.4,-23.8
2022-10,3,0.59,0.667,0.333,0.333,0.59,0.55,0.667,1.8,1.5
2022-11,5,-2.35,0.4,0.6,0.8,-2.35,-2.46,0.4,-11.7,-12.4
