年,方案点,n,avg_pct,win,bad,seal,bw_pct,bw_median,bw_win,sum_pct,compound_pct
2020,S1,7,3.07,0.571,0.429,0.857,5.27,5.91,0.571,36.9,38.1
2020,S2,3,-0.17,0.667,0.333,0.667,-0.17,4.22,0.667,-0.5,-1.2
2020,S3,17,-1.65,0.353,0.647,0.882,-0.35,-2.76,0.353,-5.9,-16.4
2020,S级,27,-0.26,0.444,0.556,0.852,1.13,-0.9,0.444,30.5,14.1
2020,all,27,-0.26,0.444,0.556,0.852,1.13,-0.9,0.444,30.5,14.1
2020,miss,333,-0.11,0.474,0.526,0.748,1.24,-0.77,0.459,412.3,688.9
2021,S1,16,-1.7,0.312,0.688,0.938,-1.04,-5.11,0.312,-16.6,-19.3
2021,S2,7,2.2,0.571,0.429,1.0,3.2,8.49,0.571,22.4,20.3
2021,S3,11,0.25,0.545,0.455,0.909,-2.22,-0.24,0.455,-24.4,-23.7
2021,S级,34,-0.27,0.441,0.559,0.941,-0.55,-2.79,0.412,-18.6,-25.9
2021,all,34,-0.27,0.441,0.559,0.941,-0.55,-2.79,0.412,-18.6,-25.9
2021,miss,410,-1.82,0.395,0.605,0.717,-1.35,-2.79,0.376,-555.5,-99.9
2022,S1,24,-2.11,0.417,0.583,0.708,5.39,-2.69,0.417,129.3,73.7
2022,S2,8,-2.86,0.25,0.75,0.625,-4.21,-3.07,0.125,-33.6,-29.9
2022,S3,18,-0.12,0.556,0.444,0.778,0.55,0.26,0.5,10.0,2.2
2022,S级,50,-1.51,0.44,0.56,0.72,2.11,-2.74,0.4,105.6,24.4
2022,all,50,-1.51,0.44,0.56,0.72,2.11,-2.74,0.4,105.6,24.4
2022,miss,404,-1.92,0.384,0.616,0.676,-1.79,-2.73,0.347,-722.7,-100.0
2023,S1,13,1.05,0.615,0.385,0.769,6.67,0.11,0.538,86.8,73.7
2023,S2,5,0.84,0.6,0.4,0.8,-1.51,3.75,0.6,-7.5,-9.1
2023,S3,3,1.89,0.667,0.333,0.667,0.22,5.0,0.667,0.7,-0.1
2023,S级,21,1.12,0.619,0.381,0.762,3.8,1.99,0.571,79.9,57.6
2023,all,21,1.12,0.619,0.381,0.762,3.8,1.99,0.571,79.9,57.6
2023,miss,213,-0.66,0.437,0.563,0.7,-0.47,-1.46,0.408,-100.9,-84.0
2024,S1,29,0.53,0.483,0.517,0.759,0.75,-0.7,0.448,21.7,15.0
2024,S2,10,1.59,0.6,0.4,0.7,4.65,-0.94,0.4,46.5,35.3
2024,S3,9,4.41,0.778,0.222,0.889,12.1,18.56,0.667,108.9,150.0
2024,S级,48,1.48,0.562,0.438,0.771,3.69,-0.54,0.479,177.1,288.9
2024,all,48,1.48,0.562,0.438,0.771,3.69,-0.54,0.479,177.1,288.9
2024,miss,443,-1.34,0.445,0.555,0.7,-0.32,-1.95,0.397,-140.0,-98.5
2025,S1,23,1.13,0.652,0.348,0.87,3.34,1.1,0.609,76.9,85.5
2025,S2,13,1.14,0.615,0.385,0.923,3.33,1.2,0.538,43.3,36.6
2025,S3,11,5.05,0.727,0.273,1.0,7.78,3.95,0.545,85.6,110.6
2025,S级,47,2.05,0.66,0.34,0.915,4.38,1.2,0.574,205.8,433.6
2025,all,47,2.05,0.66,0.34,0.915,4.38,1.2,0.574,205.8,433.6
2025,miss,478,-0.99,0.439,0.561,0.734,-0.96,-1.32,0.414,-459.3,-99.8
2026,S1,12,0.78,0.583,0.417,0.75,5.6,0.95,0.583,67.2,62.2
2026,S2,7,5.88,0.714,0.286,1.0,4.28,5.5,0.571,29.9,32.6
2026,S3,10,0.18,0.5,0.5,0.8,0.97,1.01,0.5,9.8,5.2
2026,S级,29,1.81,0.586,0.414,0.828,3.68,1.63,0.552,106.9,126.2
2026,all,29,1.81,0.586,0.414,0.828,3.68,1.63,0.552,106.9,126.2
2026,miss,391,-1.24,0.414,0.586,0.706,-0.89,-1.31,0.404,-347.9,-99.2
