六组,断板,年,n,avg_pct,win,bad,seal,bw_pct,bw_median,bw_win,sum_pct,compound_pct
2板阴,1,2020,65,-2.15,0.338,0.662,0.677,-1.53,-3.14,0.323,-99.5,-70.4
2板阴,1,2021,75,-1.36,0.453,0.547,0.72,-0.2,-1.23,0.453,-15.0,-42.1
2板阴,1,2022,77,-1.66,0.299,0.701,0.675,-1.2,-2.76,0.286,-92.2,-70.1
2板阴,1,2023,38,-0.28,0.447,0.553,0.763,-0.65,-0.66,0.447,-24.5,-28.8
2板阴,1,2024,89,-0.4,0.506,0.494,0.742,1.11,0.0,0.472,98.9,57.8
2板阴,1,2025,102,-1.13,0.402,0.598,0.755,-1.06,-1.8,0.382,-108.2,-74.2
2板阴,1,2026,62,-1.98,0.387,0.613,0.645,-1.87,-1.56,0.371,-115.8,-73.5
2板阴,2,2020,37,0.74,0.514,0.486,0.784,0.75,0.0,0.486,27.6,21.3
2板阴,2,2021,57,-2.12,0.368,0.632,0.772,-1.9,-3.34,0.333,-108.6,-71.4
2板阴,2,2022,63,-1.67,0.381,0.619,0.603,-1.13,-2.5,0.365,-71.2,-60.2
2板阴,2,2023,34,-1.07,0.382,0.618,0.559,-1.45,-1.83,0.353,-49.2,-41.8
2板阴,2,2024,61,-0.89,0.426,0.574,0.77,-0.15,-2.45,0.377,-9.1,-30.2
2板阴,2,2025,75,-0.34,0.493,0.507,0.787,-0.34,-0.77,0.44,-25.6,-37.5
2板阴,2,2026,67,-0.37,0.403,0.597,0.866,0.77,-1.11,0.403,51.4,28.0
2板阴,3,2020,40,0.57,0.475,0.525,0.75,0.83,-0.21,0.475,33.2,27.1
2板阴,3,2021,42,0.28,0.452,0.548,0.857,1.12,-1.26,0.452,47.0,40.4
2板阴,3,2022,38,-0.99,0.5,0.5,0.737,-0.94,-0.3,0.474,-35.7,-34.5
2板阴,3,2023,29,0.15,0.483,0.517,0.897,-0.22,-0.3,0.483,-6.3,-8.2
2板阴,3,2024,50,-1.27,0.46,0.54,0.74,-1.03,-1.58,0.42,-51.6,-47.4
2板阴,3,2025,51,-0.67,0.451,0.549,0.667,-1.07,-1.03,0.431,-54.8,-47.7
2板阴,3,2026,64,-2.31,0.359,0.641,0.734,-1.87,-2.61,0.359,-119.5,-75.6
2板阳,1,2020,63,0.64,0.587,0.413,0.778,5.23,3.1,0.587,329.3,993.8
2板阳,1,2021,70,-2.75,0.357,0.643,0.643,-2.83,-2.98,0.343,-198.2,-88.8
2板阳,1,2022,41,-3.22,0.317,0.683,0.634,-4.01,-5.6,0.268,-164.3,-83.2
2板阳,1,2023,30,-1.25,0.433,0.567,0.733,-0.88,-1.85,0.4,-26.5,-33.0
2板阳,1,2024,79,-3.36,0.329,0.671,0.646,-1.62,-4.44,0.304,-127.8,-87.1
2板阳,1,2025,59,-1.22,0.441,0.559,0.746,-0.81,-0.77,0.441,-47.6,-49.8
2板阳,1,2026,64,-0.36,0.469,0.531,0.703,-0.44,-0.42,0.453,-28.4,-39.8
2板阳,2,2020,35,-0.5,0.429,0.571,0.8,-0.84,-1.0,0.4,-29.3,-30.7
2板阳,2,2021,30,-1.2,0.367,0.633,0.667,-1.13,-1.73,0.367,-33.8,-34.4
2板阳,2,2022,26,-0.44,0.462,0.538,0.654,2.77,-2.29,0.423,72.0,45.4
2板阳,2,2023,15,-0.36,0.467,0.533,0.533,-0.39,-2.16,0.4,-5.9,-13.1
2板阳,2,2024,45,-1.16,0.467,0.533,0.644,-1.26,-3.01,0.4,-56.9,-54.1
2板阳,2,2025,28,-0.53,0.429,0.571,0.679,-1.08,-1.93,0.429,-30.3,-29.4
2板阳,2,2026,34,-0.73,0.412,0.588,0.676,-1.09,-0.92,0.382,-37.1,-34.9
2板阳,3,2020,21,-0.1,0.429,0.571,0.667,-0.29,-0.62,0.429,-6.2,-10.2
2板阳,3,2021,38,-0.87,0.5,0.5,0.579,-0.35,-0.53,0.474,-13.4,-23.3
2板阳,3,2022,47,-1.5,0.447,0.553,0.681,-2.11,-1.82,0.404,-99.0,-67.7
2板阳,3,2023,15,1.69,0.533,0.467,0.6,3.64,0.04,0.533,54.6,47.2
2板阳,3,2024,27,-0.74,0.481,0.519,0.667,0.39,-0.45,0.481,10.5,-3.3
2板阳,3,2025,34,-1.78,0.471,0.529,0.765,-1.02,-2.08,0.471,-34.8,-40.9
2板阳,3,2026,28,-3.46,0.321,0.679,0.571,-2.81,-4.26,0.286,-78.6,-60.9
4板阴,1,2020,6,-1.26,0.5,0.5,0.667,1.74,-2.45,0.5,10.4,0.8
4板阴,1,2021,6,-5.57,0.333,0.667,0.667,-3.13,-8.16,0.333,-18.8,-21.8
4板阴,1,2022,9,-0.14,0.556,0.444,0.667,-0.39,0.84,0.556,-3.5,-5.8
4板阴,1,2023,3,-1.79,0.667,0.333,0.333,-1.79,0.0,0.333,-5.4,-5.8
4板阴,1,2024,10,-1.35,0.3,0.7,0.6,-3.45,-2.21,0.1,-34.5,-30.8
4板阴,1,2025,16,0.3,0.625,0.375,0.875,-0.24,1.81,0.562,-3.8,-8.5
4板阴,1,2026,6,0.58,0.5,0.5,1.0,-1.01,-1.02,0.5,-6.1,-6.8
4板阴,2,2020,6,1.66,0.667,0.333,0.667,2.9,7.33,0.667,17.4,14.1
4板阴,2,2021,14,-5.87,0.0,1.0,0.786,-5.87,-4.48,0.0,-82.1,-57.6
4板阴,2,2022,14,-2.18,0.357,0.643,0.714,-3.75,-3.81,0.214,-52.5,-42.7
4板阴,2,2023,5,0.56,0.4,0.6,0.6,-1.64,-3.52,0.2,-8.2,-8.6
4板阴,2,2024,7,-2.67,0.286,0.714,0.429,0.73,-5.88,0.286,5.1,-0.9
4板阴,2,2025,11,-1.67,0.273,0.727,0.545,-1.67,-2.06,0.273,-18.4,-18.3
4板阴,2,2026,12,-1.5,0.5,0.5,0.667,-1.5,-1.97,0.5,-18.0,-18.3
4板阴,3,2020,3,-1.72,0.333,0.667,0.667,-0.53,-6.12,0.333,-1.6,-3.0
4板阴,3,2021,10,-0.59,0.5,0.5,0.8,0.46,0.09,0.5,4.6,0.1
4板阴,3,2022,7,-1.89,0.429,0.571,0.714,-1.79,-3.47,0.429,-12.5,-14.8
4板阴,3,2023,3,-6.86,0.0,1.0,0.333,-6.86,-6.71,0.0,-20.6,-19.3
4板阴,3,2024,9,3.33,0.667,0.333,0.889,1.99,3.05,0.556,17.9,18.5
4板阴,3,2025,4,-4.99,0.25,0.75,0.25,-4.99,-4.63,0.25,-20.0,-19.5
4板阴,3,2026,6,5.04,0.667,0.333,0.667,5.78,7.78,0.667,34.7,37.4
4板阳,1,2020,16,1.08,0.5,0.5,0.875,8.39,0.57,0.5,134.3,177.7
4板阳,1,2021,9,-3.43,0.333,0.667,0.889,-0.97,-6.3,0.333,-8.7,-14.5
4板阳,1,2022,12,-1.48,0.5,0.5,0.667,-3.24,-1.88,0.333,-38.8,-36.5
4板阳,1,2023,5,0.27,0.4,0.6,1.0,10.97,-1.25,0.4,54.8,52.3
4板阳,1,2024,11,-9.96,0.182,0.818,0.545,-9.96,-9.98,0.182,-109.6,-70.2
4板阳,1,2025,21,0.18,0.524,0.476,0.762,0.16,-0.6,0.476,3.4,-3.7
4板阳,1,2026,12,-2.97,0.417,0.583,0.5,-3.24,-2.42,0.417,-38.8,-34.5
4板阳,2,2020,8,4.49,0.875,0.125,0.875,4.59,5.63,0.875,36.7,41.9
4板阳,2,2021,2,4.76,0.5,0.5,1.0,6.09,6.09,0.5,12.2,12.1
4板阳,2,2022,7,-8.25,0.0,1.0,0.571,-8.25,-9.79,0.0,-57.8,-45.5
4板阳,2,2023,4,-2.52,0.25,0.75,0.5,-2.52,-2.35,0.25,-10.1,-10.0
4板阳,2,2024,4,-3.33,0.25,0.75,0.5,0.61,-5.0,0.25,2.4,-1.7
4板阳,2,2025,5,-1.5,0.4,0.6,0.8,-3.42,-4.48,0.4,-17.1,-16.5
4板阳,2,2026,4,-6.97,0.25,0.75,0.5,-6.97,-9.5,0.25,-27.9,-26.1
4板阳,3,2020,3,2.36,0.333,0.667,1.0,-1.31,-1.0,0.0,-3.9,-3.9
4板阳,3,2021,4,-5.27,0.25,0.75,0.75,-5.16,-10.0,0.25,-20.6,-20.4
4板阳,3,2022,2,1.99,1.0,0.0,0.5,1.99,1.99,1.0,4.0,4.0
4板阳,3,2023,2,2.29,0.5,0.5,1.0,2.29,2.29,0.5,4.6,4.1
4板阳,3,2024,1,-9.99,0.0,1.0,1.0,-9.99,-9.99,0.0,-10.0,-10.0
4板阳,3,2025,6,-3.34,0.333,0.667,0.667,-3.34,-3.16,0.333,-20.0,-19.2
4板阳,3,2026,3,5.55,0.667,0.333,1.0,4.23,5.98,0.667,12.7,13.0
5+板阴,1,2020,11,-3.94,0.364,0.636,0.636,-3.88,-6.76,0.273,-42.7,-41.7
5+板阴,1,2021,17,-4.46,0.294,0.706,0.706,-4.46,-8.23,0.235,-75.9,-57.0
5+板阴,1,2022,23,-2.07,0.435,0.565,0.739,-2.11,-1.02,0.391,-48.5,-44.9
5+板阴,1,2023,8,2.51,0.625,0.375,0.875,2.75,2.52,0.5,22.0,19.8
5+板阴,1,2024,21,1.65,0.619,0.381,0.81,3.45,-0.94,0.476,72.4,71.5
5+板阴,1,2025,28,0.71,0.5,0.5,0.714,1.51,-0.06,0.5,42.2,35.3
5+板阴,1,2026,7,1.43,0.714,0.286,0.714,1.43,3.34,0.714,10.0,9.2
5+板阴,2,2020,9,-1.32,0.333,0.667,0.778,-1.07,-1.8,0.333,-9.6,-11.1
5+板阴,2,2021,13,-1.27,0.462,0.538,0.692,-0.06,-3.23,0.385,-0.8,-11.1
5+板阴,2,2022,15,-3.22,0.333,0.667,0.733,-3.0,-5.49,0.333,-45.0,-39.1
5+板阴,2,2023,5,-6.29,0.2,0.8,0.8,-6.29,-8.48,0.2,-31.4,-28.1
5+板阴,2,2024,15,-0.32,0.6,0.4,0.533,2.85,0.23,0.533,42.7,23.5
5+板阴,2,2025,12,-5.48,0.167,0.833,0.5,-5.48,-5.59,0.167,-65.7,-50.5
5+板阴,2,2026,9,-1.75,0.444,0.556,0.556,1.53,-1.16,0.444,13.8,5.4
5+板阴,3,2020,4,2.46,0.5,0.5,0.5,0.43,0.3,0.5,1.7,1.3
5+板阴,3,2021,7,-2.64,0.286,0.714,0.571,-4.23,-5.56,0.143,-29.6,-26.6
5+板阴,3,2022,6,0.18,0.5,0.5,1.0,4.25,0.18,0.5,25.5,20.9
5+板阴,3,2023,5,-5.19,0.2,0.8,0.6,-5.41,-9.99,0.2,-27.0,-25.6
5+板阴,3,2024,5,3.72,0.6,0.4,1.0,5.39,4.31,0.6,27.0,26.9
5+板阴,3,2025,10,2.22,0.5,0.5,0.9,2.24,-1.18,0.4,22.4,20.5
5+板阴,3,2026,2,-1.45,0.5,0.5,0.5,-1.45,-1.45,0.5,-2.9,-3.0
5+板阳,2,2020,2,5.93,1.0,0.0,1.0,5.32,5.32,1.0,10.6,10.8
5+板阳,2,2021,6,6.23,0.833,0.167,0.833,6.69,7.71,0.833,40.1,44.7
5+板阳,2,2022,10,-4.17,0.3,0.7,0.8,-6.35,-8.19,0.1,-63.5,-48.8
5+板阳,2,2023,7,0.22,0.714,0.286,0.714,0.22,0.56,0.714,1.5,0.0
5+板阳,2,2024,5,-2.27,0.4,0.6,0.8,-0.32,-6.03,0.4,-1.6,-4.3
5+板阳,2,2025,12,-1.56,0.417,0.583,0.833,-2.39,-0.88,0.25,-28.7,-26.4
5+板阳,2,2026,7,2.31,0.429,0.571,0.857,3.5,-0.09,0.429,24.5,24.1
5+板阳,3,2020,4,1.95,0.5,0.5,0.75,0.94,1.11,0.5,3.8,3.4
5+板阳,3,2021,10,-3.7,0.3,0.7,0.7,-5.4,-6.95,0.2,-54.0,-43.3
5+板阳,3,2022,7,-5.25,0.143,0.857,0.571,-5.65,-5.99,0.143,-39.5,-34.7
5+板阳,3,2023,5,-3.3,0.2,0.8,0.6,-4.65,-2.94,0.2,-23.2,-22.8
5+板阳,3,2024,4,-1.28,0.5,0.5,0.5,-4.02,-5.48,0.25,-16.1,-16.4
5+板阳,3,2025,4,-13.09,0.0,1.0,0.5,-13.09,-11.89,0.0,-52.4,-43.4
5+板阳,3,2026,4,-5.5,0.25,0.75,0.25,-5.5,-7.29,0.25,-22.0,-21.0
